,Team,Year_start,Year_end,Matches,Wins,Draws,Loses,GoalsScored,GoalsReceived,Points,Estimated_Wins,Estimated_Draws,Estimated_Loses,Estimated_Points_Extended,Delta_Points_Extended
0,Chelsea,2014,2015,38,26,9,3,73,32,87,23.0,8.0,7.0,78.0,9.0
1,Manchester City,2014,2015,38,24,7,7,83,38,79,23.0,7.0,8.0,76.0,3.0
2,Arsenal,2014,2015,38,22,9,7,71,36,75,22.0,8.0,8.0,75.0,0.0
3,Manchester United,2014,2015,38,20,10,8,62,37,70,21.0,8.0,9.0,73.0,-3.0
4,Tottenham,2014,2015,38,19,7,12,58,53,64,19.0,7.0,12.0,64.0,0.0
5,Liverpool,2014,2015,38,18,8,12,52,48,62,19.0,8.0,11.0,64.0,-2.0
6,Southampton,2014,2015,38,18,6,14,54,33,60,21.0,9.0,8.0,73.0,-13.0
7,Swansea,2014,2015,38,16,8,14,46,49,56,18.0,8.0,12.0,62.0,-6.0
8,Stoke,2014,2015,38,15,9,14,48,45,54,19.0,8.0,11.0,65.0,-11.0
9,Crystal Palace,2014,2015,38,13,9,16,47,51,48,18.0,8.0,12.0,61.0,-13.0
10,Everton,2014,2015,38,12,11,15,48,50,47,18.0,8.0,12.0,62.0,-15.0
11,West Ham,2014,2015,38,12,11,15,44,47,47,18.0,8.0,12.0,62.0,-15.0
12,West Bromwich Albion,2014,2015,38,11,11,16,38,51,44,16.0,9.0,13.0,58.0,-14.0
13,Leicester,2014,2015,38,11,8,19,46,55,41,17.0,8.0,13.0,59.0,-18.0
14,Newcastle United,2014,2015,38,10,9,19,40,63,39,15.0,8.0,15.0,54.0,-15.0
15,Sunderland,2014,2015,38,7,17,14,31,53,38,15.0,9.0,14.0,54.0,-16.0
16,Aston Villa,2014,2015,38,10,8,20,31,57,38,14.0,9.0,15.0,53.0,-15.0
17,Hull,2014,2015,38,8,11,19,33,51,35,15.0,9.0,14.0,55.0,-20.0
18,Burnley,2014,2015,38,7,12,19,28,53,33,14.0,10.0,14.0,53.0,-20.0
19,Queens Park Rangers,2014,2015,38,8,6,24,42,73,30,15.0,7.0,16.0,51.0,-21.0
20,Leicester,2015,2016,38,23,12,3,68,36,81,22.0,8.0,8.0,74.0,7.0
21,Arsenal,2015,2016,38,20,11,7,65,36,71,22.0,8.0,8.0,74.0,-3.0
22,Tottenham,2015,2016,38,19,13,6,69,35,70,22.0,8.0,8.0,75.0,-5.0
23,Manchester City,2015,2016,38,19,9,10,71,41,66,22.0,7.0,9.0,73.0,-7.0
24,Manchester United,2015,2016,38,19,9,10,49,35,66,20.0,9.0,9.0,70.0,-4.0
25,Southampton,2015,2016,38,18,9,11,59,41,63,20.0,8.0,10.0,70.0,-7.0
26,West Ham,2015,2016,38,16,14,8,65,51,62,20.0,7.0,11.0,67.0,-5.0
27,Liverpool,2015,2016,38,16,12,10,63,50,60,20.0,7.0,11.0,66.0,-6.0
28,Stoke,2015,2016,38,14,9,15,41,55,51,16.0,8.0,14.0,57.0,-6.0
29,Chelsea,2015,2016,38,12,14,12,59,53,50,19.0,7.0,12.0,64.0,-14.0
30,Everton,2015,2016,38,11,14,13,59,55,47,19.0,7.0,12.0,63.0,-16.0
31,Swansea,2015,2016,38,12,11,15,42,52,47,17.0,8.0,13.0,59.0,-12.0
32,Watford,2015,2016,38,12,9,17,40,50,45,17.0,8.0,13.0,59.0,-14.0
33,West Bromwich Albion,2015,2016,38,10,13,15,34,48,43,16.0,9.0,13.0,57.0,-14.0
34,Crystal Palace,2015,2016,38,11,9,18,39,51,42,16.0,9.0,13.0,58.0,-16.0
35,Bournemouth,2015,2016,38,11,9,18,45,67,42,16.0,7.0,15.0,54.0,-12.0
36,Sunderland,2015,2016,38,9,12,17,48,62,39,17.0,7.0,14.0,58.0,-19.0
37,Newcastle United,2015,2016,38,9,10,19,44,65,37,16.0,7.0,15.0,55.0,-18.0
38,Norwich,2015,2016,38,9,7,22,39,67,34,15.0,8.0,15.0,52.0,-18.0
39,Aston Villa,2015,2016,38,3,8,27,27,76,17,12.0,8.0,18.0,44.0,-27.0
40,Chelsea,2016,2017,38,30,3,5,85,33,93,24.0,7.0,7.0,80.0,13.0
41,Tottenham,2016,2017,38,26,8,4,86,26,86,25.0,8.0,5.0,84.0,2.0
42,Manchester City,2016,2017,38,23,9,6,80,39,78,23.0,7.0,8.0,75.0,3.0
43,Liverpool,2016,2017,38,22,10,6,78,42,76,22.0,7.0,9.0,73.0,3.0
44,Arsenal,2016,2017,38,23,6,9,77,44,75,22.0,7.0,9.0,72.0,3.0
45,Manchester United,2016,2017,38,18,15,5,54,29,69,22.0,9.0,7.0,76.0,-7.0
46,Everton,2016,2017,38,17,10,11,62,44,61,20.0,7.0,11.0,68.0,-7.0
47,Southampton,2016,2017,38,12,10,16,41,48,46,17.0,9.0,12.0,60.0,-14.0
48,Bournemouth,2016,2017,38,12,10,16,55,67,46,17.0,7.0,14.0,58.0,-12.0
49,West Bromwich Albion,2016,2017,38,12,9,17,43,51,45,17.0,8.0,13.0,60.0,-15.0
50,West Ham,2016,2017,38,12,9,17,47,64,45,16.0,7.0,15.0,56.0,-11.0
51,Leicester,2016,2017,38,12,8,18,48,63,44,17.0,7.0,14.0,57.0,-13.0
52,Stoke,2016,2017,38,11,11,16,41,56,44,16.0,8.0,14.0,57.0,-13.0
53,Crystal Palace,2016,2017,38,12,5,21,50,63,41,17.0,7.0,14.0,58.0,-17.0
54,Swansea,2016,2017,38,12,5,21,45,70,41,15.0,7.0,16.0,54.0,-13.0
55,Burnley,2016,2017,38,11,7,20,39,55,40,16.0,8.0,14.0,57.0,-17.0
56,Watford,2016,2017,38,11,7,20,40,68,40,15.0,7.0,16.0,53.0,-13.0
57,Hull,2016,2017,38,9,7,22,37,80,34,13.0,7.0,18.0,48.0,-14.0
58,Middlesbrough,2016,2017,38,5,13,20,27,53,28,14.0,10.0,14.0,52.0,-24.0
59,Sunderland,2016,2017,38,6,6,26,29,69,24,13.0,8.0,17.0,47.0,-23.0
60,Manchester City,2017,2018,38,32,4,2,106,27,100,26.0,7.0,5.0,86.0,14.0
61,Manchester United,2017,2018,38,25,6,7,68,28,81,23.0,8.0,7.0,79.0,2.0
62,Tottenham,2017,2018,38,23,8,7,74,36,77,22.0,7.0,9.0,75.0,2.0
63,Liverpool,2017,2018,38,21,12,5,84,38,75,23.0,7.0,8.0,76.0,-1.0
64,Chelsea,2017,2018,38,21,7,10,62,38,70,21.0,8.0,9.0,72.0,-2.0
65,Arsenal,2017,2018,38,19,6,13,74,51,63,20.0,6.0,12.0,68.0,-5.0
66,Burnley,2017,2018,38,14,12,12,36,39,54,18.0,10.0,10.0,63.0,-9.0
67,Everton,2017,2018,38,13,10,15,44,58,49,17.0,8.0,13.0,58.0,-9.0
68,Leicester,2017,2018,38,12,11,15,56,60,47,18.0,7.0,13.0,60.0,-13.0
69,Newcastle United,2017,2018,38,12,8,18,39,47,44,17.0,9.0,12.0,60.0,-16.0
70,Crystal Palace,2017,2018,38,11,11,16,45,55,44,17.0,8.0,13.0,59.0,-15.0
71,Bournemouth,2017,2018,38,11,11,16,45,61,44,16.0,7.0,15.0,56.0,-12.0
72,West Ham,2017,2018,38,10,12,16,48,68,42,16.0,7.0,15.0,55.0,-13.0
73,Watford,2017,2018,38,11,8,19,44,64,41,16.0,7.0,15.0,55.0,-14.0
74,Brighton,2017,2018,38,9,13,16,34,54,40,15.0,9.0,14.0,55.0,-15.0
75,Huddersfield,2017,2018,38,9,10,19,28,58,37,14.0,9.0,15.0,51.0,-14.0
76,Southampton,2017,2018,38,7,15,16,37,56,36,15.0,8.0,15.0,55.0,-19.0
77,Swansea,2017,2018,38,8,9,21,28,56,33,14.0,9.0,15.0,51.0,-18.0
78,Stoke,2017,2018,38,7,12,19,35,68,33,14.0,8.0,16.0,50.0,-17.0
79,West Bromwich Albion,2017,2018,38,6,13,19,31,56,31,14.0,9.0,15.0,53.0,-22.0
80,Manchester City,2018,2019,38,32,2,4,95,23,98,26.0,8.0,4.0,87.0,11.0
81,Liverpool,2018,2019,38,30,7,1,89,22,97,26.0,8.0,4.0,87.0,10.0
82,Chelsea,2018,2019,38,21,9,8,63,39,72,21.0,8.0,9.0,71.0,1.0
83,Tottenham,2018,2019,38,23,2,13,67,39,71,21.0,8.0,9.0,72.0,-1.0
84,Arsenal,2018,2019,38,21,7,10,73,51,70,20.0,6.0,12.0,68.0,2.0
85,Manchester United,2018,2019,38,19,9,10,65,54,66,19.0,7.0,12.0,65.0,1.0
86,Wolverhampton Wanderers,2018,2019,38,16,9,13,47,46,57,18.0,8.0,12.0,64.0,-7.0
87,Everton,2018,2019,38,15,9,14,54,46,54,19.0,8.0,11.0,66.0,-12.0
88,Leicester,2018,2019,38,15,7,16,51,48,52,18.0,8.0,12.0,64.0,-12.0
89,West Ham,2018,2019,38,15,7,16,52,55,52,18.0,7.0,13.0,61.0,-9.0
90,Watford,2018,2019,38,14,8,16,52,59,50,17.0,7.0,14.0,60.0,-10.0
91,Crystal Palace,2018,2019,38,14,7,17,51,53,49,18.0,8.0,12.0,62.0,-13.0
92,Newcastle United,2018,2019,38,12,9,17,42,48,45,17.0,8.0,13.0,61.0,-16.0
93,Bournemouth,2018,2019,38,13,6,19,56,70,45,17.0,6.0,15.0,57.0,-12.0
94,Burnley,2018,2019,38,11,7,20,45,68,40,15.0,7.0,16.0,54.0,-14.0
95,Southampton,2018,2019,38,9,12,17,45,65,39,16.0,7.0,15.0,55.0,-16.0
96,Brighton,2018,2019,38,9,9,20,35,60,36,15.0,8.0,15.0,53.0,-17.0
97,Cardiff,2018,2019,38,10,4,24,34,69,34,14.0,8.0,16.0,49.0,-15.0
98,Fulham,2018,2019,38,7,5,26,34,81,26,13.0,7.0,18.0,46.0,-20.0
99,Huddersfield,2018,2019,38,3,7,28,22,76,16,11.0,9.0,18.0,41.0,-25.0
100,Liverpool,2019,2020,38,32,3,3,85,33,99,24.0,7.0,7.0,80.0,19.0
101,Manchester City,2019,2020,38,26,3,9,102,35,81,25.0,6.0,7.0,80.0,1.0
102,Manchester United,2019,2020,38,18,12,8,66,36,66,22.0,8.0,8.0,74.0,-8.0
103,Chelsea,2019,2020,38,20,6,12,69,54,66,20.0,6.0,12.0,66.0,0.0
104,Leicester,2019,2020,38,18,8,12,67,41,62,21.0,7.0,10.0,72.0,-10.0
105,Tottenham,2019,2020,38,16,11,11,61,47,59,20.0,7.0,11.0,67.0,-8.0
106,Wolverhampton Wanderers,2019,2020,38,15,14,9,51,40,59,20.0,8.0,10.0,68.0,-9.0
107,Arsenal,2019,2020,38,14,14,10,56,48,56,19.0,7.0,12.0,65.0,-9.0
108,Sheffield United,2019,2020,38,14,12,12,39,39,54,18.0,10.0,10.0,64.0,-10.0
109,Burnley,2019,2020,38,15,9,14,43,50,54,17.0,8.0,13.0,60.0,-6.0
110,Southampton,2019,2020,38,15,7,16,51,60,52,17.0,7.0,14.0,59.0,-7.0
111,Everton,2019,2020,38,13,10,15,44,56,49,17.0,8.0,13.0,58.0,-9.0
112,Newcastle United,2019,2020,38,11,11,16,38,58,44,15.0,8.0,15.0,55.0,-11.0
113,Crystal Palace,2019,2020,38,11,10,17,31,50,43,15.0,9.0,14.0,55.0,-12.0
114,Brighton,2019,2020,38,9,14,15,39,54,41,16.0,8.0,14.0,57.0,-16.0
115,West Ham,2019,2020,38,10,9,19,49,62,39,17.0,7.0,14.0,58.0,-19.0
116,Aston Villa,2019,2020,38,9,8,21,41,67,35,15.0,7.0,16.0,53.0,-18.0
117,Bournemouth,2019,2020,38,9,7,22,40,65,34,15.0,7.0,16.0,53.0,-19.0
118,Watford,2019,2020,38,8,10,20,36,64,34,15.0,8.0,15.0,52.0,-18.0
119,Norwich,2019,2020,38,5,6,27,26,75,21,12.0,8.0,18.0,44.0,-23.0
120,Manchester City,2020,2021,38,27,5,6,83,32,86,24.0,7.0,7.0,79.0,7.0
121,Manchester United,2020,2021,38,21,11,6,73,44,74,21.0,7.0,10.0,71.0,3.0
122,Liverpool,2020,2021,38,20,9,9,68,42,69,21.0,7.0,10.0,71.0,-2.0
123,Chelsea,2020,2021,38,19,10,9,58,36,67,21.0,8.0,9.0,72.0,-5.0
124,Leicester,2020,2021,38,20,6,12,68,50,66,20.0,7.0,11.0,68.0,-2.0
125,West Ham,2020,2021,38,19,8,11,62,47,65,20.0,7.0,11.0,67.0,-2.0
126,Tottenham,2020,2021,38,18,8,12,68,45,62,21.0,7.0,10.0,70.0,-8.0
127,Arsenal,2020,2021,38,18,7,13,55,39,61,20.0,8.0,10.0,69.0,-8.0
128,Leeds,2020,2021,38,18,5,15,62,54,59,19.0,7.0,12.0,64.0,-5.0
129,Everton,2020,2021,38,17,8,13,47,48,59,18.0,8.0,12.0,62.0,-3.0
130,Aston Villa,2020,2021,38,16,7,15,55,46,55,19.0,8.0,11.0,66.0,-11.0
131,Newcastle United,2020,2021,38,12,9,17,46,62,45,16.0,7.0,15.0,57.0,-12.0
132,Wolverhampton Wanderers,2020,2021,38,12,9,17,36,52,45,16.0,9.0,13.0,57.0,-12.0
133,Crystal Palace,2020,2021,38,12,8,18,41,66,44,15.0,7.0,16.0,53.0,-9.0
134,Southampton,2020,2021,38,12,7,19,47,68,43,16.0,7.0,15.0,55.0,-12.0
135,Brighton,2020,2021,38,9,14,15,40,46,41,17.0,9.0,12.0,61.0,-20.0
136,Burnley,2020,2021,38,10,9,19,33,55,39,15.0,9.0,14.0,54.0,-15.0
137,Fulham,2020,2021,38,5,13,20,27,53,28,14.0,10.0,14.0,52.0,-24.0
138,West Bromwich Albion,2020,2021,38,5,11,22,35,76,26,13.0,7.0,18.0,48.0,-22.0
139,Sheffield United,2020,2021,38,7,2,29,20,63,23,11.0,10.0,17.0,44.0,-21.0
140,Manchester City,2021,2022,38,29,6,3,99,26,93,26.0,7.0,5.0,86.0,7.0
141,Liverpool,2021,2022,38,28,8,2,94,26,92,26.0,7.0,5.0,85.0,7.0
142,Chelsea,2021,2022,38,21,11,6,76,33,74,23.0,8.0,7.0,78.0,-4.0
143,Tottenham,2021,2022,38,22,5,11,69,40,71,22.0,7.0,9.0,72.0,-1.0
144,Arsenal,2021,2022,38,22,3,13,61,48,69,20.0,7.0,11.0,67.0,2.0
145,Manchester United,2021,2022,38,16,10,12,57,57,58,18.0,7.0,13.0,62.0,-4.0
146,West Ham,2021,2022,38,16,8,14,60,51,56,19.0,7.0,12.0,65.0,-9.0
147,Leicester,2021,2022,38,14,10,14,62,59,52,18.0,7.0,13.0,62.0,-10.0
148,Brighton,2021,2022,38,12,15,11,42,44,51,18.0,9.0,11.0,62.0,-11.0
149,Wolverhampton Wanderers,2021,2022,38,15,6,17,38,43,51,17.0,9.0,12.0,62.0,-11.0
150,Newcastle United,2021,2022,38,13,10,15,44,62,49,16.0,7.0,15.0,56.0,-7.0
151,Crystal Palace,2021,2022,38,11,15,12,50,46,48,19.0,8.0,11.0,64.0,-16.0
152,Brentford,2021,2022,38,13,7,18,48,56,46,17.0,7.0,14.0,60.0,-14.0
153,Aston Villa,2021,2022,38,13,6,19,52,54,45,18.0,7.0,13.0,62.0,-17.0
154,Southampton,2021,2022,38,9,13,16,43,67,40,15.0,7.0,16.0,54.0,-14.0
155,Everton,2021,2022,38,11,6,21,43,66,39,16.0,7.0,15.0,54.0,-15.0
156,Leeds,2021,2022,38,9,11,18,42,79,38,14.0,7.0,17.0,50.0,-12.0
157,Burnley,2021,2022,38,7,14,17,34,53,35,15.0,9.0,14.0,56.0,-21.0
158,Watford,2021,2022,38,6,5,27,34,77,23,13.0,7.0,18.0,47.0,-24.0
159,Norwich,2021,2022,38,5,7,26,23,84,22,10.0,8.0,20.0,40.0,-18.0
160,Bayern Munich,2014,2015,34,25,4,5,80,18,79,24.0,8.0,2.0,80.0,-1.0
161,Wolfsburg,2014,2015,34,20,9,5,72,38,69,20.0,7.0,7.0,66.0,3.0
162,Borussia M.Gladbach,2014,2015,34,19,9,6,53,26,66,20.0,9.0,5.0,69.0,-3.0
163,Bayer Leverkusen,2014,2015,34,17,10,7,62,37,61,19.0,7.0,8.0,65.0,-4.0
164,Augsburg,2014,2015,34,15,4,15,43,43,49,16.0,8.0,10.0,57.0,-8.0
165,Schalke 04,2014,2015,34,13,9,12,42,40,48,16.0,8.0,10.0,58.0,-10.0
166,Borussia Dortmund,2014,2015,34,13,7,14,47,42,46,17.0,8.0,9.0,59.0,-13.0
167,Hoffenheim,2014,2015,34,12,8,14,49,55,44,15.0,7.0,12.0,54.0,-10.0
168,Eintracht Frankfurt,2014,2015,34,11,10,13,56,62,43,16.0,6.0,12.0,54.0,-11.0
169,Werder Bremen,2014,2015,34,11,10,13,50,65,43,15.0,6.0,13.0,51.0,-8.0
170,Mainz 05,2014,2015,34,9,13,12,45,47,40,16.0,8.0,10.0,55.0,-15.0
171,FC Cologne,2014,2015,34,9,13,12,34,40,40,15.0,9.0,10.0,55.0,-15.0
172,Hannover 96,2014,2015,34,9,10,15,40,56,37,14.0,7.0,13.0,51.0,-14.0
173,VfB Stuttgart,2014,2015,34,9,9,16,42,60,36,14.0,7.0,13.0,50.0,-14.0
174,Hertha Berlin,2014,2015,34,9,8,17,36,52,35,14.0,8.0,12.0,51.0,-16.0
175,Hamburger SV,2014,2015,34,9,8,17,25,50,35,12.0,9.0,13.0,46.0,-11.0
176,Freiburg,2014,2015,34,7,13,14,36,47,34,15.0,8.0,11.0,53.0,-19.0
177,Paderborn,2014,2015,34,7,10,17,31,65,31,12.0,7.0,15.0,44.0,-13.0
178,Bayern Munich,2015,2016,34,28,4,2,80,17,88,24.0,9.0,1.0,81.0,7.0
179,Borussia Dortmund,2015,2016,34,24,6,4,82,34,78,21.0,7.0,6.0,70.0,8.0
180,Bayer Leverkusen,2015,2016,34,18,6,10,56,40,60,18.0,7.0,9.0,62.0,-2.0
181,Borussia M.Gladbach,2015,2016,34,17,4,13,67,50,55,18.0,6.0,10.0,60.0,-5.0
182,Schalke 04,2015,2016,34,15,7,12,51,49,52,16.0,7.0,11.0,57.0,-5.0
183,Mainz 05,2015,2016,34,14,8,12,46,42,50,17.0,8.0,9.0,58.0,-8.0
184,Hertha Berlin,2015,2016,34,14,8,12,42,42,50,16.0,8.0,10.0,57.0,-7.0
185,Wolfsburg,2015,2016,34,12,9,13,47,49,45,16.0,7.0,11.0,56.0,-11.0
186,FC Cologne,2015,2016,34,10,13,11,38,42,43,16.0,9.0,9.0,56.0,-13.0
187,Hamburger SV,2015,2016,34,11,8,15,40,46,41,15.0,8.0,11.0,55.0,-14.0
188,Ingolstadt,2015,2016,34,10,10,14,33,42,40,15.0,9.0,10.0,54.0,-14.0
189,Augsburg,2015,2016,34,9,11,14,42,52,38,15.0,7.0,12.0,53.0,-15.0
190,Werder Bremen,2015,2016,34,10,8,16,50,65,38,15.0,6.0,13.0,51.0,-13.0
191,Darmstadt,2015,2016,34,9,11,14,38,53,38,14.0,8.0,12.0,51.0,-13.0
192,Hoffenheim,2015,2016,34,9,10,15,39,54,37,14.0,7.0,13.0,51.0,-14.0
193,Eintracht Frankfurt,2015,2016,34,9,9,16,34,52,36,14.0,8.0,12.0,50.0,-14.0
194,VfB Stuttgart,2015,2016,34,9,6,19,50,75,33,14.0,6.0,14.0,48.0,-15.0
195,Hannover 96,2015,2016,34,7,4,23,31,62,25,12.0,8.0,14.0,45.0,-20.0
196,Bayern Munich,2016,2017,34,25,7,2,89,22,82,23.0,7.0,4.0,78.0,4.0
197,RasenBallsport Leipzig,2016,2017,34,20,7,7,66,39,67,19.0,7.0,8.0,64.0,3.0
198,Borussia Dortmund,2016,2017,34,18,10,6,72,40,64,19.0,6.0,9.0,65.0,-1.0
199,Hoffenheim,2016,2017,34,16,14,4,64,37,62,19.0,7.0,8.0,65.0,-3.0
200,FC Cologne,2016,2017,34,12,13,9,51,42,49,17.0,7.0,10.0,60.0,-11.0
201,Hertha Berlin,2016,2017,34,15,4,15,43,47,49,16.0,8.0,10.0,55.0,-6.0
202,Freiburg,2016,2017,34,14,6,14,42,60,48,14.0,7.0,13.0,50.0,-2.0
203,Werder Bremen,2016,2017,34,13,6,15,61,64,45,16.0,6.0,12.0,54.0,-9.0
204,Borussia M.Gladbach,2016,2017,34,12,9,13,45,49,45,16.0,7.0,11.0,55.0,-10.0
205,Schalke 04,2016,2017,34,11,10,13,45,40,43,17.0,8.0,9.0,58.0,-15.0
206,Eintracht Frankfurt,2016,2017,34,11,9,14,36,43,42,15.0,9.0,10.0,55.0,-13.0
207,Bayer Leverkusen,2016,2017,34,11,8,15,53,55,41,16.0,7.0,11.0,55.0,-14.0
208,Augsburg,2016,2017,34,9,11,14,35,51,38,14.0,8.0,12.0,51.0,-13.0
209,Hamburger SV,2016,2017,34,10,8,16,33,61,38,13.0,8.0,13.0,46.0,-8.0
210,Mainz 05,2016,2017,34,10,7,17,44,55,37,15.0,7.0,12.0,52.0,-15.0
211,Wolfsburg,2016,2017,34,10,7,17,34,52,37,14.0,8.0,12.0,50.0,-13.0
212,Ingolstadt,2016,2017,34,8,8,18,36,57,32,14.0,8.0,12.0,49.0,-17.0
213,Darmstadt,2016,2017,34,7,4,23,28,63,25,12.0,8.0,14.0,44.0,-19.0
214,Bayern Munich,2017,2018,34,27,3,4,92,28,84,22.0,7.0,5.0,74.0,10.0
215,Schalke 04,2017,2018,34,18,9,7,53,37,63,18.0,8.0,8.0,63.0,0.0
216,Hoffenheim,2017,2018,34,15,10,9,66,48,55,18.0,6.0,10.0,60.0,-5.0
217,Borussia Dortmund,2017,2018,34,15,10,9,64,47,55,18.0,6.0,10.0,61.0,-6.0
218,Bayer Leverkusen,2017,2018,34,15,10,9,58,44,55,18.0,7.0,9.0,60.0,-5.0
219,RasenBallsport Leipzig,2017,2018,34,15,8,11,57,53,53,17.0,6.0,11.0,57.0,-4.0
220,VfB Stuttgart,2017,2018,34,15,6,13,36,36,51,16.0,9.0,9.0,58.0,-7.0
221,Eintracht Frankfurt,2017,2018,34,14,7,13,45,45,49,16.0,8.0,10.0,57.0,-8.0
222,Borussia M.Gladbach,2017,2018,34,13,8,13,47,52,47,16.0,7.0,11.0,54.0,-7.0
223,Hertha Berlin,2017,2018,34,10,13,11,43,46,43,16.0,8.0,10.0,56.0,-13.0
224,Werder Bremen,2017,2018,34,10,12,12,37,40,42,16.0,9.0,9.0,56.0,-14.0
225,Augsburg,2017,2018,34,10,11,13,43,46,41,16.0,8.0,10.0,56.0,-15.0
226,Hannover 96,2017,2018,34,10,9,15,44,54,39,15.0,7.0,12.0,53.0,-14.0
227,Mainz 05,2017,2018,34,9,9,16,38,52,36,14.0,8.0,12.0,51.0,-15.0
228,Freiburg,2017,2018,34,8,12,14,32,56,36,13.0,8.0,13.0,48.0,-12.0
229,Wolfsburg,2017,2018,34,6,15,13,36,48,33,15.0,8.0,11.0,52.0,-19.0
230,Hamburger SV,2017,2018,34,8,7,19,29,53,31,13.0,9.0,12.0,47.0,-16.0
231,FC Cologne,2017,2018,34,5,7,22,35,70,22,12.0,7.0,15.0,45.0,-23.0
232,Bayern Munich,2018,2019,34,24,6,4,88,32,78,22.0,6.0,6.0,72.0,6.0
233,Borussia Dortmund,2018,2019,34,23,7,4,81,44,76,20.0,6.0,8.0,65.0,11.0
234,RasenBallsport Leipzig,2018,2019,34,19,9,6,63,29,66,20.0,8.0,6.0,70.0,-4.0
235,Bayer Leverkusen,2018,2019,34,18,4,12,69,52,58,18.0,6.0,10.0,60.0,-2.0
236,Borussia M.Gladbach,2018,2019,34,16,7,11,55,42,55,18.0,7.0,9.0,61.0,-6.0
237,Wolfsburg,2018,2019,34,16,7,11,62,50,55,17.0,6.0,11.0,59.0,-4.0
238,Eintracht Frankfurt,2018,2019,34,15,9,10,60,48,54,17.0,7.0,10.0,59.0,-5.0
239,Werder Bremen,2018,2019,34,14,11,9,58,49,53,17.0,7.0,10.0,59.0,-6.0
240,Hoffenheim,2018,2019,34,13,12,9,70,52,51,18.0,6.0,10.0,60.0,-9.0
241,Fortuna Duesseldorf,2018,2019,34,13,5,16,49,65,44,14.0,6.0,14.0,50.0,-6.0
242,Hertha Berlin,2018,2019,34,11,10,13,49,57,43,15.0,7.0,12.0,53.0,-10.0
243,Mainz 05,2018,2019,34,12,7,15,46,57,43,15.0,7.0,12.0,52.0,-9.0
244,Freiburg,2018,2019,34,8,12,14,46,61,36,15.0,7.0,12.0,51.0,-15.0
245,Schalke 04,2018,2019,34,8,9,17,37,55,33,14.0,8.0,12.0,50.0,-17.0
246,Augsburg,2018,2019,34,8,8,18,51,71,32,14.0,6.0,14.0,50.0,-18.0
247,VfB Stuttgart,2018,2019,34,7,7,20,32,70,28,12.0,7.0,15.0,44.0,-16.0
248,Hannover 96,2018,2019,34,5,6,23,31,71,21,12.0,7.0,15.0,43.0,-22.0
249,Nuernberg,2018,2019,34,3,10,21,26,68,19,11.0,8.0,15.0,41.0,-22.0
250,Bayern Munich,2019,2020,34,26,4,4,100,32,82,22.0,6.0,6.0,73.0,9.0
251,Borussia Dortmund,2019,2020,34,21,6,7,84,41,69,20.0,6.0,8.0,67.0,2.0
252,RasenBallsport Leipzig,2019,2020,34,18,12,4,81,37,66,21.0,6.0,7.0,69.0,-3.0
253,Borussia M.Gladbach,2019,2020,34,20,5,9,66,40,65,19.0,7.0,8.0,64.0,1.0
254,Bayer Leverkusen,2019,2020,34,19,6,9,61,44,63,18.0,7.0,9.0,61.0,2.0
255,Hoffenheim,2019,2020,34,15,7,12,53,53,52,16.0,7.0,11.0,56.0,-4.0
256,Wolfsburg,2019,2020,34,13,10,11,48,46,49,16.0,7.0,11.0,57.0,-8.0
257,Freiburg,2019,2020,34,13,9,12,48,47,48,16.0,7.0,11.0,57.0,-9.0
258,Eintracht Frankfurt,2019,2020,34,13,6,15,59,60,45,16.0,6.0,12.0,55.0,-10.0
259,Hertha Berlin,2019,2020,34,11,8,15,48,59,41,15.0,7.0,12.0,52.0,-11.0
260,Union Berlin,2019,2020,34,12,5,17,41,58,41,14.0,7.0,13.0,50.0,-9.0
261,Schalke 04,2019,2020,34,9,12,13,38,58,39,14.0,7.0,13.0,49.0,-10.0
262,Mainz 05,2019,2020,34,11,4,19,44,65,37,14.0,6.0,14.0,49.0,-12.0
263,Augsburg,2019,2020,34,9,9,16,45,63,36,14.0,7.0,13.0,50.0,-14.0
264,FC Cologne,2019,2020,34,10,6,18,51,69,36,14.0,6.0,14.0,50.0,-14.0
265,Werder Bremen,2019,2020,34,8,7,19,42,69,31,13.0,6.0,15.0,47.0,-16.0
266,Fortuna Duesseldorf,2019,2020,34,6,12,16,36,67,30,13.0,7.0,14.0,46.0,-16.0
267,Paderborn,2019,2020,34,4,8,22,37,74,20,12.0,7.0,15.0,44.0,-24.0
268,Bayern Munich,2020,2021,34,24,6,4,99,44,78,21.0,5.0,8.0,67.0,11.0
269,RasenBallsport Leipzig,2020,2021,34,19,8,7,60,32,65,20.0,8.0,6.0,67.0,-2.0
270,Borussia Dortmund,2020,2021,34,20,4,10,75,46,64,19.0,6.0,9.0,63.0,1.0
271,Wolfsburg,2020,2021,34,17,10,7,61,37,61,19.0,7.0,8.0,65.0,-4.0
272,Eintracht Frankfurt,2020,2021,34,16,12,6,69,53,60,18.0,6.0,10.0,60.0,0.0
273,Bayer Leverkusen,2020,2021,34,14,10,10,53,39,52,18.0,8.0,8.0,61.0,-9.0
274,Union Berlin,2020,2021,34,12,14,8,50,43,50,17.0,7.0,10.0,59.0,-9.0
275,Borussia M.Gladbach,2020,2021,34,13,10,11,64,56,49,17.0,6.0,11.0,57.0,-8.0
276,VfB Stuttgart,2020,2021,34,12,9,13,56,55,45,16.0,6.0,12.0,56.0,-11.0
277,Freiburg,2020,2021,34,12,9,13,52,52,45,16.0,7.0,11.0,56.0,-11.0
278,Hoffenheim,2020,2021,34,11,10,13,52,54,43,16.0,7.0,11.0,55.0,-12.0
279,Mainz 05,2020,2021,34,10,9,15,39,56,39,14.0,7.0,13.0,50.0,-11.0
280,Augsburg,2020,2021,34,10,6,18,36,54,36,14.0,8.0,12.0,50.0,-14.0
281,Hertha Berlin,2020,2021,34,8,11,15,41,52,35,15.0,7.0,12.0,52.0,-17.0
282,Arminia Bielefeld,2020,2021,34,9,8,17,26,52,35,12.0,9.0,13.0,46.0,-11.0
283,FC Cologne,2020,2021,34,8,9,17,34,60,33,13.0,8.0,13.0,47.0,-14.0
284,Werder Bremen,2020,2021,34,7,10,17,36,57,31,14.0,8.0,12.0,49.0,-18.0
285,Schalke 04,2020,2021,34,3,7,24,25,86,16,10.0,7.0,17.0,36.0,-20.0
286,Bayern Munich,2021,2022,34,24,5,5,97,37,77,21.0,6.0,7.0,71.0,6.0
287,Borussia Dortmund,2021,2022,34,22,3,9,85,52,69,19.0,5.0,10.0,63.0,6.0
288,Bayer Leverkusen,2021,2022,34,19,7,8,80,47,64,19.0,6.0,9.0,64.0,0.0
289,RasenBallsport Leipzig,2021,2022,34,17,7,10,72,37,58,20.0,7.0,7.0,67.0,-9.0
290,Union Berlin,2021,2022,34,16,9,9,50,44,57,17.0,7.0,10.0,58.0,-1.0
291,Freiburg,2021,2022,34,15,10,9,58,46,55,17.0,7.0,10.0,60.0,-5.0
292,FC Cologne,2021,2022,34,14,10,10,52,49,52,17.0,7.0,10.0,57.0,-5.0
293,Mainz 05,2021,2022,34,13,7,14,50,45,46,17.0,7.0,10.0,58.0,-12.0
294,Hoffenheim,2021,2022,34,13,7,14,58,60,46,16.0,6.0,12.0,54.0,-8.0
295,Borussia M.Gladbach,2021,2022,34,12,9,13,54,61,45,15.0,6.0,13.0,53.0,-8.0
296,Eintracht Frankfurt,2021,2022,34,10,12,12,45,49,42,16.0,7.0,11.0,55.0,-13.0
297,Wolfsburg,2021,2022,34,12,6,16,43,54,42,15.0,7.0,12.0,52.0,-10.0
298,Bochum,2021,2022,34,12,6,16,38,52,42,14.0,8.0,12.0,51.0,-9.0
299,Augsburg,2021,2022,34,10,8,16,39,56,38,14.0,7.0,13.0,50.0,-12.0
300,VfB Stuttgart,2021,2022,34,7,12,15,41,59,33,14.0,7.0,13.0,50.0,-17.0
301,Hertha Berlin,2021,2022,34,9,6,19,37,71,33,13.0,7.0,14.0,45.0,-12.0
302,Arminia Bielefeld,2021,2022,34,5,13,16,27,53,28,12.0,9.0,13.0,47.0,-19.0
303,Greuther Fuerth,2021,2022,34,3,9,22,28,82,18,11.0,7.0,16.0,39.0,-21.0
304,Barcelona,2014,2015,38,30,4,4,110,21,94,28.0,7.0,3.0,91.0,3.0
305,Real Madrid,2014,2015,38,30,2,6,118,38,92,25.0,6.0,7.0,81.0,11.0
306,Atletico Madrid,2014,2015,38,23,9,6,67,29,78,23.0,9.0,6.0,79.0,-1.0
307,Valencia,2014,2015,38,22,11,5,70,32,77,23.0,8.0,7.0,77.0,0.0
308,Sevilla,2014,2015,38,23,7,8,71,45,76,21.0,7.0,10.0,71.0,5.0
309,Villarreal,2014,2015,38,16,12,10,48,37,60,20.0,9.0,9.0,69.0,-9.0
310,Athletic Club,2014,2015,38,15,10,13,42,41,55,18.0,9.0,11.0,64.0,-9.0
311,Celta Vigo,2014,2015,38,13,12,13,47,44,51,18.0,8.0,12.0,64.0,-13.0
312,Malaga,2014,2015,38,14,8,16,42,48,50,17.0,8.0,13.0,61.0,-11.0
313,Espanyol,2014,2015,38,13,10,15,47,51,49,18.0,8.0,12.0,61.0,-12.0
314,Rayo Vallecano,2014,2015,38,15,4,19,46,68,49,16.0,7.0,15.0,54.0,-5.0
315,Real Sociedad,2014,2015,38,11,13,14,44,51,46,17.0,8.0,13.0,60.0,-14.0
316,Elche,2014,2015,38,11,8,19,35,62,41,15.0,8.0,15.0,53.0,-12.0
317,Getafe,2014,2015,38,10,7,21,33,64,37,14.0,8.0,16.0,50.0,-13.0
318,Levante,2014,2015,38,9,10,19,34,67,37,14.0,8.0,16.0,50.0,-13.0
319,Eibar,2014,2015,38,9,8,21,34,55,35,15.0,9.0,14.0,54.0,-19.0
320,Deportivo La Coruna,2014,2015,38,7,14,17,35,60,35,15.0,8.0,15.0,53.0,-18.0
321,Granada,2014,2015,38,7,14,17,29,64,35,13.0,9.0,16.0,49.0,-14.0
322,Almeria,2014,2015,38,8,8,22,35,64,32,14.0,8.0,16.0,52.0,-20.0
323,Cordoba,2014,2015,38,3,11,24,22,68,20,11.0,9.0,18.0,44.0,-24.0
324,Barcelona,2015,2016,38,29,4,5,112,29,91,26.0,7.0,5.0,85.0,6.0
325,Real Madrid,2015,2016,38,28,6,4,110,34,90,25.0,6.0,7.0,82.0,8.0
326,Atletico Madrid,2015,2016,38,28,4,6,63,18,88,25.0,10.0,3.0,87.0,1.0
327,Villarreal,2015,2016,38,18,10,10,44,35,64,20.0,9.0,9.0,69.0,-5.0
328,Athletic Club,2015,2016,38,18,8,12,58,45,62,20.0,8.0,10.0,67.0,-5.0
329,Celta Vigo,2015,2016,38,17,9,12,51,59,60,17.0,7.0,14.0,59.0,1.0
330,Sevilla,2015,2016,38,14,10,14,51,50,52,18.0,8.0,12.0,63.0,-11.0
331,Malaga,2015,2016,38,12,12,14,38,35,48,18.0,10.0,10.0,66.0,-18.0
332,Real Sociedad,2015,2016,38,13,9,16,45,48,48,18.0,8.0,12.0,61.0,-13.0
333,Real Betis,2015,2016,38,11,12,15,34,52,45,15.0,9.0,14.0,56.0,-11.0
334,Valencia,2015,2016,38,11,11,16,46,48,44,18.0,8.0,12.0,62.0,-18.0
335,Las Palmas,2015,2016,38,12,8,18,45,53,44,17.0,8.0,13.0,60.0,-16.0
336,Eibar,2015,2016,38,11,10,17,49,61,43,17.0,7.0,14.0,58.0,-15.0
337,Espanyol,2015,2016,38,12,7,19,40,74,43,14.0,7.0,17.0,51.0,-8.0
338,Deportivo La Coruna,2015,2016,38,8,18,12,45,61,42,16.0,7.0,15.0,56.0,-14.0
339,Sporting Gijon,2015,2016,38,10,9,19,40,62,39,16.0,8.0,14.0,55.0,-16.0
340,Granada,2015,2016,38,10,9,19,46,69,39,16.0,7.0,15.0,54.0,-15.0
341,Rayo Vallecano,2015,2016,38,9,11,18,52,73,38,16.0,6.0,16.0,55.0,-17.0
342,Getafe,2015,2016,38,9,9,20,37,67,36,14.0,8.0,16.0,51.0,-15.0
343,Levante,2015,2016,38,8,8,22,37,70,32,14.0,8.0,16.0,51.0,-19.0
344,Real Madrid,2016,2017,38,29,6,3,106,41,93,24.0,6.0,8.0,78.0,15.0
345,Barcelona,2016,2017,38,28,6,4,116,37,90,25.0,6.0,7.0,81.0,9.0
346,Atletico Madrid,2016,2017,38,23,9,6,70,27,78,24.0,9.0,5.0,80.0,-2.0
347,Sevilla,2016,2017,38,21,9,8,69,49,72,20.0,7.0,11.0,69.0,3.0
348,Villarreal,2016,2017,38,19,10,9,56,33,67,21.0,9.0,8.0,74.0,-7.0
349,Real Sociedad,2016,2017,38,19,7,12,59,53,64,19.0,7.0,12.0,64.0,0.0
350,Athletic Club,2016,2017,38,19,6,13,53,43,63,19.0,8.0,11.0,67.0,-4.0
351,Espanyol,2016,2017,38,15,11,12,49,50,56,18.0,8.0,12.0,62.0,-6.0
352,Alaves,2016,2017,38,14,13,11,41,43,55,18.0,9.0,11.0,63.0,-8.0
353,Eibar,2016,2017,38,15,9,14,56,51,54,19.0,7.0,12.0,64.0,-10.0
354,Malaga,2016,2017,38,12,10,16,49,55,46,17.0,8.0,13.0,60.0,-14.0
355,Valencia,2016,2017,38,13,7,18,56,65,46,17.0,7.0,14.0,59.0,-13.0
356,Celta Vigo,2016,2017,38,13,6,19,53,69,45,16.0,7.0,15.0,56.0,-11.0
357,Las Palmas,2016,2017,38,10,9,19,53,74,39,16.0,6.0,16.0,55.0,-16.0
358,Real Betis,2016,2017,38,10,9,19,41,64,39,15.0,8.0,15.0,54.0,-15.0
359,Deportivo La Coruna,2016,2017,38,8,12,18,43,61,36,16.0,7.0,15.0,56.0,-20.0
360,Leganes,2016,2017,38,8,11,19,36,55,35,16.0,8.0,14.0,56.0,-21.0
361,Sporting Gijon,2016,2017,38,7,10,21,42,72,31,15.0,7.0,16.0,52.0,-21.0
362,Osasuna,2016,2017,38,4,10,24,40,94,22,13.0,6.0,19.0,46.0,-24.0
363,Granada,2016,2017,38,4,8,26,30,82,20,12.0,8.0,18.0,44.0,-24.0
364,Barcelona,2017,2018,38,28,9,1,99,29,93,25.0,7.0,6.0,84.0,9.0
365,Atletico Madrid,2017,2018,38,23,10,5,58,22,79,24.0,10.0,4.0,82.0,-3.0
366,Real Madrid,2017,2018,38,22,10,6,94,44,76,23.0,6.0,9.0,75.0,1.0
367,Valencia,2017,2018,38,22,7,9,65,38,73,22.0,8.0,8.0,73.0,0.0
368,Villarreal,2017,2018,38,18,7,13,57,50,61,19.0,7.0,12.0,65.0,-4.0
369,Real Betis,2017,2018,38,18,6,14,60,61,60,18.0,6.0,14.0,61.0,-1.0
370,Sevilla,2017,2018,38,17,7,14,49,58,58,17.0,7.0,14.0,59.0,-1.0
371,Getafe,2017,2018,38,15,10,13,42,33,55,20.0,10.0,8.0,69.0,-14.0
372,Eibar,2017,2018,38,14,9,15,44,50,51,17.0,8.0,13.0,61.0,-10.0
373,Girona,2017,2018,38,14,9,15,50,59,51,17.0,7.0,14.0,59.0,-8.0
374,Real Sociedad,2017,2018,38,14,7,17,66,59,49,19.0,6.0,13.0,63.0,-14.0
375,Celta Vigo,2017,2018,38,13,10,15,59,60,49,18.0,7.0,13.0,61.0,-12.0
376,Espanyol,2017,2018,38,12,13,13,36,42,49,17.0,10.0,11.0,62.0,-13.0
377,Alaves,2017,2018,38,15,2,21,40,50,47,17.0,8.0,13.0,59.0,-12.0
378,Levante,2017,2018,38,11,13,14,44,58,46,17.0,8.0,13.0,58.0,-12.0
379,Athletic Club,2017,2018,38,10,13,15,41,49,43,17.0,9.0,12.0,60.0,-17.0
380,Leganes,2017,2018,38,12,7,19,34,51,43,16.0,9.0,13.0,56.0,-13.0
381,Deportivo La Coruna,2017,2018,38,6,11,21,38,76,29,14.0,7.0,17.0,49.0,-20.0
382,Las Palmas,2017,2018,38,5,7,26,24,74,22,12.0,9.0,17.0,44.0,-22.0
383,Malaga,2017,2018,38,5,5,28,24,61,20,12.0,9.0,17.0,47.0,-27.0
384,Barcelona,2018,2019,38,26,9,3,90,36,87,24.0,7.0,7.0,78.0,9.0
385,Atletico Madrid,2018,2019,38,22,10,6,55,29,76,22.0,9.0,7.0,76.0,0.0
386,Real Madrid,2018,2019,38,21,5,12,63,46,68,20.0,7.0,11.0,68.0,0.0
387,Valencia,2018,2019,38,15,16,7,51,35,61,20.0,9.0,9.0,71.0,-10.0
388,Sevilla,2018,2019,38,17,8,13,62,47,59,20.0,7.0,11.0,67.0,-8.0
389,Getafe,2018,2019,38,15,14,9,48,35,59,20.0,9.0,9.0,70.0,-11.0
390,Espanyol,2018,2019,38,14,11,13,48,50,53,18.0,8.0,12.0,62.0,-9.0
391,Athletic Club,2018,2019,38,13,14,11,41,45,53,17.0,9.0,12.0,62.0,-9.0
392,Real Sociedad,2018,2019,38,13,11,14,45,46,50,18.0,8.0,12.0,63.0,-13.0
393,Real Betis,2018,2019,38,14,8,16,44,52,50,17.0,8.0,13.0,60.0,-10.0
394,Alaves,2018,2019,38,13,11,14,39,50,50,17.0,9.0,12.0,59.0,-9.0
395,Eibar,2018,2019,38,11,14,13,46,50,47,18.0,8.0,12.0,61.0,-14.0
396,Leganes,2018,2019,38,11,12,15,37,43,45,17.0,9.0,12.0,61.0,-16.0
397,Villarreal,2018,2019,38,10,14,14,49,52,44,18.0,8.0,12.0,61.0,-17.0
398,Levante,2018,2019,38,11,11,16,59,66,44,18.0,6.0,14.0,59.0,-15.0
399,Celta Vigo,2018,2019,38,10,11,17,53,62,41,17.0,7.0,14.0,59.0,-18.0
400,Real Valladolid,2018,2019,38,10,11,17,32,51,41,15.0,9.0,14.0,55.0,-14.0
401,Girona,2018,2019,38,9,10,19,37,53,37,16.0,9.0,13.0,57.0,-20.0
402,SD Huesca,2018,2019,38,7,12,19,43,65,33,16.0,7.0,15.0,54.0,-21.0
403,Rayo Vallecano,2018,2019,38,8,8,22,41,70,32,15.0,7.0,16.0,52.0,-20.0
404,Real Madrid,2019,2020,38,26,9,3,70,25,87,24.0,9.0,5.0,82.0,5.0
405,Barcelona,2019,2020,38,25,7,6,86,38,82,23.0,7.0,8.0,77.0,5.0
406,Atletico Madrid,2019,2020,38,18,16,4,51,27,70,22.0,10.0,6.0,76.0,-6.0
407,Sevilla,2019,2020,38,19,13,6,54,34,70,21.0,9.0,8.0,72.0,-2.0
408,Villarreal,2019,2020,38,18,6,14,63,49,60,20.0,7.0,11.0,67.0,-7.0
409,Real Sociedad,2019,2020,38,16,8,14,56,48,56,19.0,7.0,12.0,65.0,-9.0
410,Granada,2019,2020,38,16,8,14,52,45,56,19.0,8.0,11.0,66.0,-10.0
411,Getafe,2019,2020,38,14,12,12,43,37,54,19.0,9.0,10.0,67.0,-13.0
412,Valencia,2019,2020,38,14,11,13,46,53,53,17.0,8.0,13.0,60.0,-7.0
413,Osasuna,2019,2020,38,13,13,12,46,54,52,17.0,8.0,13.0,60.0,-8.0
414,Athletic Club,2019,2020,38,13,12,13,41,38,51,18.0,10.0,10.0,66.0,-15.0
415,Levante,2019,2020,38,14,7,17,47,53,49,17.0,8.0,13.0,61.0,-12.0
416,Real Valladolid,2019,2020,38,9,15,14,32,43,42,16.0,10.0,12.0,59.0,-17.0
417,Eibar,2019,2020,38,11,9,18,39,56,42,16.0,8.0,14.0,56.0,-14.0
418,Real Betis,2019,2020,38,10,11,17,48,60,41,17.0,7.0,14.0,58.0,-17.0
419,Alaves,2019,2020,38,10,9,19,34,59,39,15.0,8.0,15.0,53.0,-14.0
420,Celta Vigo,2019,2020,38,7,16,15,37,49,37,16.0,9.0,13.0,58.0,-21.0
421,Leganes,2019,2020,38,8,12,18,30,51,36,15.0,10.0,13.0,54.0,-18.0
422,Mallorca,2019,2020,38,9,6,23,40,65,33,15.0,7.0,16.0,53.0,-20.0
423,Espanyol,2019,2020,38,5,10,23,27,58,25,13.0,9.0,16.0,50.0,-25.0
424,Atletico Madrid,2020,2021,38,26,8,4,67,25,86,24.0,9.0,5.0,82.0,4.0
425,Real Madrid,2020,2021,38,25,9,4,67,28,84,23.0,9.0,6.0,79.0,5.0
426,Barcelona,2020,2021,38,24,7,7,85,38,79,23.0,7.0,8.0,77.0,2.0
427,Sevilla,2020,2021,38,24,5,9,53,33,77,21.0,9.0,8.0,73.0,4.0
428,Real Sociedad,2020,2021,38,17,11,10,59,38,62,21.0,8.0,9.0,71.0,-9.0
429,Real Betis,2020,2021,38,17,10,11,50,50,61,18.0,8.0,12.0,63.0,-2.0
430,Villarreal,2020,2021,38,15,13,10,60,44,58,20.0,7.0,11.0,68.0,-10.0
431,Celta Vigo,2020,2021,38,14,11,13,55,57,53,18.0,7.0,13.0,62.0,-9.0
432,Athletic Club,2020,2021,38,11,13,14,46,42,46,19.0,9.0,10.0,65.0,-19.0
433,Granada,2020,2021,38,13,7,18,47,65,46,16.0,7.0,15.0,56.0,-10.0
434,Osasuna,2020,2021,38,11,11,16,37,48,44,16.0,9.0,13.0,58.0,-14.0
435,Cadiz,2020,2021,38,11,11,16,36,58,44,15.0,8.0,15.0,55.0,-11.0
436,Valencia,2020,2021,38,10,13,15,50,53,43,18.0,8.0,12.0,62.0,-19.0
437,Levante,2020,2021,38,9,14,15,46,57,41,17.0,8.0,13.0,59.0,-18.0
438,Getafe,2020,2021,38,9,11,18,28,43,38,15.0,11.0,12.0,57.0,-19.0
439,Alaves,2020,2021,38,9,11,18,36,57,38,15.0,8.0,15.0,55.0,-17.0
440,Elche,2020,2021,38,8,12,18,34,55,36,15.0,9.0,14.0,54.0,-18.0
441,SD Huesca,2020,2021,38,7,13,18,34,53,34,15.0,9.0,14.0,56.0,-22.0
442,Real Valladolid,2020,2021,38,5,16,17,34,57,31,15.0,9.0,14.0,54.0,-23.0
443,Eibar,2020,2021,38,6,12,20,29,52,30,14.0,10.0,14.0,53.0,-23.0
444,Real Madrid,2021,2022,38,26,8,4,80,31,86,24.0,8.0,6.0,80.0,6.0
445,Barcelona,2021,2022,38,21,10,7,68,38,73,22.0,8.0,8.0,73.0,0.0
446,Atletico Madrid,2021,2022,38,21,8,9,65,43,71,21.0,7.0,10.0,70.0,1.0
447,Sevilla,2021,2022,38,18,16,4,53,30,70,22.0,9.0,7.0,74.0,-4.0
448,Real Betis,2021,2022,38,19,8,11,62,40,65,21.0,8.0,9.0,70.0,-5.0
449,Real Sociedad,2021,2022,38,17,11,10,40,37,62,19.0,10.0,9.0,66.0,-4.0
450,Villarreal,2021,2022,38,16,11,11,63,37,59,22.0,8.0,8.0,73.0,-14.0
451,Athletic Club,2021,2022,38,14,13,11,43,36,55,19.0,9.0,10.0,67.0,-12.0
452,Valencia,2021,2022,38,11,15,12,48,53,48,18.0,8.0,12.0,61.0,-13.0
453,Osasuna,2021,2022,38,12,11,15,37,51,47,16.0,9.0,13.0,57.0,-10.0
454,Celta Vigo,2021,2022,38,12,10,16,43,43,46,18.0,9.0,11.0,64.0,-18.0
455,Rayo Vallecano,2021,2022,38,11,9,18,39,50,42,17.0,9.0,12.0,59.0,-17.0
456,Elche,2021,2022,38,11,9,18,40,52,42,16.0,8.0,14.0,58.0,-16.0
457,Espanyol,2021,2022,38,10,12,16,40,53,42,16.0,8.0,14.0,58.0,-16.0
458,Getafe,2021,2022,38,8,15,15,33,41,39,17.0,10.0,11.0,61.0,-22.0
459,Cadiz,2021,2022,38,8,15,15,35,51,39,16.0,9.0,13.0,57.0,-18.0
460,Mallorca,2021,2022,38,10,9,19,36,63,39,15.0,8.0,15.0,53.0,-14.0
461,Granada,2021,2022,38,8,14,16,44,61,38,16.0,7.0,15.0,56.0,-18.0
462,Levante,2021,2022,38,8,11,19,51,76,35,16.0,6.0,16.0,54.0,-19.0
463,Alaves,2021,2022,38,8,7,23,31,65,31,14.0,8.0,16.0,49.0,-18.0
464,Paris Saint Germain,2014,2015,38,24,11,3,83,36,83,23.0,7.0,8.0,77.0,6.0
465,Lyon,2014,2015,38,22,9,7,72,33,75,23.0,8.0,7.0,77.0,-2.0
466,Monaco,2014,2015,38,20,11,7,51,26,71,22.0,10.0,6.0,77.0,-6.0
467,Marseille,2014,2015,38,21,6,11,76,42,69,22.0,7.0,9.0,73.0,-4.0
468,Saint-Etienne,2014,2015,38,19,12,7,51,30,69,21.0,10.0,7.0,74.0,-5.0
469,Bordeaux,2014,2015,38,17,12,9,47,44,63,18.0,8.0,12.0,64.0,-1.0
470,Montpellier,2014,2015,38,16,8,14,46,39,56,19.0,9.0,10.0,67.0,-11.0
471,Lille,2014,2015,38,16,8,14,43,42,56,18.0,9.0,11.0,64.0,-8.0
472,Rennes,2014,2015,38,13,11,14,35,42,50,17.0,10.0,11.0,61.0,-11.0
473,Guingamp,2014,2015,38,15,4,19,41,55,49,16.0,8.0,14.0,57.0,-8.0
474,Nice,2014,2015,38,13,9,16,44,53,48,17.0,8.0,13.0,60.0,-12.0
475,SC Bastia,2014,2015,38,12,11,15,37,46,47,17.0,9.0,12.0,60.0,-13.0
476,Caen,2014,2015,38,12,10,16,54,55,46,18.0,7.0,13.0,62.0,-16.0
477,Nantes,2014,2015,38,11,12,15,29,40,45,16.0,11.0,11.0,59.0,-14.0
478,Reims,2014,2015,38,12,8,18,47,66,44,16.0,7.0,15.0,56.0,-12.0
479,Lorient,2014,2015,38,12,7,19,44,50,43,17.0,8.0,13.0,61.0,-18.0
480,Toulouse,2014,2015,38,12,6,20,43,64,42,16.0,7.0,15.0,55.0,-13.0
481,Evian Thonon Gaillard,2014,2015,38,11,4,23,41,62,37,16.0,8.0,14.0,55.0,-18.0
482,Metz,2014,2015,38,7,9,22,31,61,30,14.0,9.0,15.0,51.0,-21.0
483,Lens,2014,2015,38,7,8,23,32,61,29,14.0,8.0,16.0,51.0,-22.0
484,Paris Saint Germain,2015,2016,38,30,6,2,102,19,96,28.0,8.0,2.0,91.0,5.0
485,Lyon,2015,2016,38,19,8,11,67,43,65,21.0,7.0,10.0,70.0,-5.0
486,Monaco,2015,2016,38,17,14,7,57,50,65,19.0,7.0,12.0,65.0,0.0
487,Nice,2015,2016,38,18,9,11,58,41,63,20.0,8.0,10.0,69.0,-6.0
488,Lille,2015,2016,38,15,15,8,39,27,60,20.0,11.0,7.0,72.0,-12.0
489,Saint-Etienne,2015,2016,38,17,7,14,42,37,58,19.0,10.0,9.0,67.0,-9.0
490,Caen,2015,2016,38,16,6,16,39,52,54,16.0,8.0,14.0,58.0,-4.0
491,Rennes,2015,2016,38,13,13,12,52,54,52,18.0,7.0,13.0,62.0,-10.0
492,Angers,2015,2016,38,13,11,14,40,38,50,18.0,10.0,10.0,66.0,-16.0
493,SC Bastia,2015,2016,38,14,8,16,36,42,50,17.0,10.0,11.0,62.0,-12.0
494,Bordeaux,2015,2016,38,12,14,12,50,57,50,17.0,7.0,14.0,60.0,-10.0
495,Montpellier,2015,2016,38,14,7,17,49,47,49,18.0,8.0,12.0,63.0,-14.0
496,Marseille,2015,2016,38,10,18,10,48,42,48,19.0,8.0,11.0,66.0,-18.0
497,Nantes,2015,2016,38,12,12,14,33,44,48,16.0,10.0,12.0,59.0,-11.0
498,Lorient,2015,2016,38,11,13,14,47,58,46,17.0,7.0,14.0,59.0,-13.0
499,Guingamp,2015,2016,38,11,11,16,47,56,44,17.0,8.0,13.0,59.0,-15.0
500,Toulouse,2015,2016,38,9,13,16,45,55,40,17.0,8.0,13.0,59.0,-19.0
501,Reims,2015,2016,38,10,9,19,44,57,39,17.0,8.0,13.0,58.0,-19.0
502,GFC Ajaccio,2015,2016,38,8,13,17,37,58,37,15.0,8.0,15.0,55.0,-18.0
503,Troyes,2015,2016,38,3,9,26,28,83,18,12.0,8.0,18.0,43.0,-25.0
504,Monaco,2016,2017,38,30,5,3,107,31,95,25.0,7.0,6.0,83.0,12.0
505,Paris Saint Germain,2016,2017,38,27,6,5,83,27,87,25.0,8.0,5.0,83.0,4.0
506,Nice,2016,2017,38,22,12,4,63,36,78,22.0,8.0,8.0,73.0,5.0
507,Lyon,2016,2017,38,21,4,13,80,48,67,21.0,6.0,11.0,71.0,-4.0
508,Marseille,2016,2017,38,17,11,10,57,41,62,20.0,8.0,10.0,69.0,-7.0
509,Bordeaux,2016,2017,38,15,14,9,53,43,59,19.0,8.0,11.0,67.0,-8.0
510,Nantes,2016,2017,38,14,9,15,40,54,51,16.0,8.0,14.0,58.0,-7.0
511,Saint-Etienne,2016,2017,38,12,14,12,41,42,50,18.0,9.0,11.0,63.0,-13.0
512,Rennes,2016,2017,38,12,14,12,36,42,50,17.0,10.0,11.0,62.0,-12.0
513,Guingamp,2016,2017,38,14,8,16,46,53,50,17.0,8.0,13.0,60.0,-10.0
514,Lille,2016,2017,38,13,7,18,40,47,46,17.0,9.0,12.0,61.0,-15.0
515,Angers,2016,2017,38,13,7,18,40,49,46,17.0,9.0,12.0,60.0,-14.0
516,Toulouse,2016,2017,38,10,14,14,37,41,44,17.0,10.0,11.0,62.0,-18.0
517,Metz,2016,2017,38,11,10,17,39,72,43,14.0,7.0,17.0,51.0,-8.0
518,Montpellier,2016,2017,38,10,9,19,48,66,39,16.0,7.0,15.0,56.0,-17.0
519,Dijon,2016,2017,38,8,13,17,46,58,37,17.0,8.0,13.0,58.0,-21.0
520,Caen,2016,2017,38,10,7,21,36,65,37,14.0,8.0,16.0,52.0,-15.0
521,Lorient,2016,2017,38,10,6,22,44,70,36,15.0,7.0,16.0,54.0,-18.0
522,Nancy,2016,2017,38,9,8,21,29,52,35,14.0,10.0,14.0,53.0,-18.0
523,SC Bastia,2016,2017,38,8,10,20,29,57,34,14.0,9.0,15.0,51.0,-17.0
524,Paris Saint Germain,2017,2018,38,29,6,3,108,29,93,26.0,7.0,5.0,85.0,8.0
525,Monaco,2017,2018,38,24,8,6,85,45,80,22.0,6.0,10.0,73.0,7.0
526,Lyon,2017,2018,38,23,9,6,87,43,78,22.0,6.0,10.0,74.0,4.0
527,Marseille,2017,2018,38,22,11,5,80,47,77,21.0,6.0,11.0,71.0,6.0
528,Rennes,2017,2018,38,16,10,12,50,44,58,19.0,8.0,11.0,65.0,-7.0
529,Bordeaux,2017,2018,38,16,7,15,53,48,55,19.0,8.0,11.0,64.0,-9.0
530,Saint-Etienne,2017,2018,38,15,10,13,47,50,55,18.0,8.0,12.0,62.0,-7.0
531,Nice,2017,2018,38,15,9,14,53,52,54,18.0,7.0,13.0,62.0,-8.0
532,Nantes,2017,2018,38,14,10,14,36,41,52,17.0,10.0,11.0,62.0,-10.0
533,Montpellier,2017,2018,38,11,18,9,36,33,51,19.0,11.0,8.0,67.0,-16.0
534,Dijon,2017,2018,38,13,9,16,55,73,48,16.0,6.0,16.0,56.0,-8.0
535,Guingamp,2017,2018,38,12,11,15,48,59,47,17.0,7.0,14.0,59.0,-12.0
536,Amiens,2017,2018,38,12,9,17,37,42,45,17.0,10.0,11.0,62.0,-17.0
537,Angers,2017,2018,38,9,14,15,42,52,41,17.0,8.0,13.0,59.0,-18.0
538,Strasbourg,2017,2018,38,9,11,18,44,67,38,16.0,7.0,15.0,54.0,-16.0
539,Caen,2017,2018,38,10,8,20,27,52,38,14.0,10.0,14.0,52.0,-14.0
540,Lille,2017,2018,38,10,8,20,41,67,38,15.0,7.0,16.0,53.0,-15.0
541,Toulouse,2017,2018,38,9,10,19,38,54,37,16.0,8.0,14.0,57.0,-20.0
542,Troyes,2017,2018,38,9,6,23,32,59,33,14.0,9.0,15.0,52.0,-19.0
543,Metz,2017,2018,38,6,8,24,34,76,26,13.0,7.0,18.0,47.0,-21.0
544,Paris Saint Germain,2018,2019,38,29,4,5,105,35,91,25.0,6.0,7.0,81.0,10.0
545,Lille,2018,2019,38,22,9,7,68,33,75,23.0,8.0,7.0,77.0,-2.0
546,Lyon,2018,2019,38,21,9,8,70,47,72,21.0,7.0,10.0,69.0,3.0
547,Saint-Etienne,2018,2019,38,19,9,10,59,41,66,20.0,8.0,10.0,70.0,-4.0
548,Marseille,2018,2019,38,18,7,13,60,52,61,19.0,7.0,12.0,65.0,-4.0
549,Montpellier,2018,2019,38,15,14,9,53,42,59,20.0,8.0,10.0,67.0,-8.0
550,Nice,2018,2019,38,15,11,12,30,35,56,17.0,11.0,10.0,63.0,-7.0
551,Reims,2018,2019,38,13,16,9,39,42,55,18.0,9.0,11.0,63.0,-8.0
552,Nimes,2018,2019,38,15,8,15,57,58,53,18.0,7.0,13.0,61.0,-8.0
553,Rennes,2018,2019,38,13,13,12,55,52,52,18.0,7.0,13.0,63.0,-11.0
554,Strasbourg,2018,2019,38,11,16,11,58,48,49,19.0,7.0,12.0,66.0,-17.0
555,Nantes,2018,2019,38,13,9,16,48,48,48,18.0,8.0,12.0,63.0,-15.0
556,Angers,2018,2019,38,10,16,12,44,49,46,18.0,8.0,12.0,61.0,-15.0
557,Bordeaux,2018,2019,38,10,11,17,34,42,41,17.0,10.0,11.0,61.0,-20.0
558,Amiens,2018,2019,38,9,11,18,31,52,38,15.0,9.0,14.0,54.0,-16.0
559,Toulouse,2018,2019,38,8,14,16,35,57,38,15.0,9.0,14.0,54.0,-16.0
560,Monaco,2018,2019,38,8,12,18,38,57,36,16.0,8.0,14.0,56.0,-20.0
561,Dijon,2018,2019,38,9,7,22,31,60,34,14.0,9.0,15.0,51.0,-17.0
562,Caen,2018,2019,38,7,12,19,29,54,33,14.0,9.0,15.0,52.0,-19.0
563,Guingamp,2018,2019,38,5,12,21,28,68,27,13.0,8.0,17.0,47.0,-20.0
564,Paris Saint Germain,2019,2020,27,22,2,3,75,24,68,17.0,6.0,4.0,59.0,9.0
565,Marseille,2019,2020,28,16,8,4,41,29,56,15.0,8.0,5.0,53.0,3.0
566,Rennes,2019,2020,28,15,5,8,38,24,50,15.0,9.0,4.0,55.0,-5.0
567,Lille,2019,2020,28,15,4,9,35,27,49,14.0,9.0,5.0,52.0,-3.0
568,Reims,2019,2020,28,10,11,7,26,21,41,14.0,11.0,3.0,54.0,-13.0
569,Nice,2019,2020,28,11,8,9,41,38,41,13.0,7.0,8.0,48.0,-7.0
570,Lyon,2019,2020,28,11,7,10,42,27,40,15.0,8.0,5.0,54.0,-14.0
571,Montpellier,2019,2020,28,11,7,10,35,34,40,13.0,8.0,7.0,48.0,-8.0
572,Monaco,2019,2020,28,11,7,10,44,44,40,13.0,6.0,9.0,47.0,-7.0
573,Angers,2019,2020,28,11,6,11,28,33,39,12.0,9.0,7.0,47.0,-8.0
574,Strasbourg,2019,2020,27,11,5,11,32,32,38,13.0,8.0,6.0,47.0,-9.0
575,Bordeaux,2019,2020,28,9,10,9,40,34,37,14.0,8.0,6.0,50.0,-13.0
576,Nantes,2019,2020,28,11,4,13,28,31,37,13.0,9.0,6.0,48.0,-11.0
577,Brest,2019,2020,28,8,10,10,34,37,34,13.0,8.0,7.0,47.0,-13.0
578,Metz,2019,2020,28,8,10,10,27,35,34,12.0,9.0,7.0,45.0,-11.0
579,Dijon,2019,2020,28,7,9,12,27,37,30,12.0,9.0,7.0,44.0,-14.0
580,Saint-Etienne,2019,2020,28,8,6,14,29,45,30,11.0,8.0,9.0,42.0,-12.0
581,Nimes,2019,2020,28,7,6,15,29,44,27,11.0,8.0,9.0,42.0,-15.0
582,Amiens,2019,2020,28,4,11,13,31,50,23,11.0,7.0,10.0,41.0,-18.0
583,Toulouse,2019,2020,28,3,4,21,22,58,13,9.0,8.0,11.0,35.0,-22.0
584,Lille,2020,2021,38,24,11,3,64,23,83,24.0,9.0,5.0,82.0,1.0
585,Paris Saint Germain,2020,2021,38,26,4,8,86,28,82,25.0,8.0,5.0,82.0,0.0
586,Monaco,2020,2021,38,24,6,8,76,42,78,22.0,7.0,9.0,73.0,5.0
587,Lyon,2020,2021,38,22,10,6,81,43,76,22.0,7.0,9.0,73.0,3.0
588,Marseille,2020,2021,38,16,12,10,54,47,60,19.0,8.0,11.0,65.0,-5.0
589,Rennes,2020,2021,38,16,10,12,52,40,58,20.0,8.0,10.0,68.0,-10.0
590,Lens,2020,2021,38,15,12,11,55,54,57,18.0,7.0,13.0,63.0,-6.0
591,Montpellier,2020,2021,38,14,12,12,60,62,54,18.0,6.0,14.0,61.0,-7.0
592,Nice,2020,2021,38,15,7,16,50,53,52,18.0,8.0,12.0,62.0,-10.0
593,Metz,2020,2021,38,12,11,15,44,48,47,18.0,8.0,12.0,61.0,-14.0
594,Saint-Etienne,2020,2021,38,12,10,16,42,54,46,17.0,8.0,13.0,58.0,-12.0
595,Bordeaux,2020,2021,38,13,6,19,42,56,45,16.0,8.0,14.0,57.0,-12.0
596,Angers,2020,2021,38,12,8,18,40,58,44,16.0,8.0,14.0,56.0,-12.0
597,Reims,2020,2021,38,9,15,14,42,50,42,17.0,8.0,13.0,60.0,-18.0
598,Strasbourg,2020,2021,38,11,9,18,49,58,42,17.0,7.0,14.0,59.0,-17.0
599,Lorient,2020,2021,38,11,9,18,50,68,42,16.0,7.0,15.0,56.0,-14.0
600,Brest,2020,2021,38,11,8,19,50,66,41,16.0,7.0,15.0,57.0,-16.0
601,Nantes,2020,2021,38,9,13,16,47,55,40,17.0,8.0,13.0,60.0,-20.0
602,Nimes,2020,2021,38,9,8,21,40,71,35,15.0,7.0,16.0,52.0,-17.0
603,Dijon,2020,2021,38,4,9,25,25,73,21,12.0,9.0,17.0,44.0,-23.0
604,Paris Saint Germain,2021,2022,38,26,8,4,90,36,86,24.0,7.0,7.0,78.0,8.0
605,Marseille,2021,2022,38,21,8,9,63,38,71,21.0,8.0,9.0,72.0,-1.0
606,Monaco,2021,2022,38,20,9,9,65,40,69,21.0,7.0,10.0,71.0,-2.0
607,Nice,2021,2022,38,20,7,11,52,36,67,20.0,9.0,9.0,70.0,-3.0
608,Rennes,2021,2022,38,20,6,12,82,40,66,22.0,7.0,9.0,75.0,-9.0
609,Strasbourg,2021,2022,38,17,12,9,60,43,63,20.0,8.0,10.0,69.0,-6.0
610,Lyon,2021,2022,38,17,11,10,66,51,62,20.0,7.0,11.0,67.0,-5.0
611,Lens,2021,2022,38,17,11,10,62,48,62,20.0,7.0,11.0,67.0,-5.0
612,Nantes,2021,2022,38,15,10,13,55,48,55,19.0,8.0,11.0,65.0,-10.0
613,Lille,2021,2022,38,14,13,11,48,48,55,18.0,8.0,12.0,63.0,-8.0
614,Brest,2021,2022,38,13,9,16,49,57,48,17.0,7.0,14.0,60.0,-12.0
615,Reims,2021,2022,38,11,13,14,43,44,46,18.0,9.0,11.0,63.0,-17.0
616,Montpellier,2021,2022,38,12,7,19,49,61,43,17.0,7.0,14.0,58.0,-15.0
617,Angers,2021,2022,38,10,11,17,44,55,41,17.0,8.0,13.0,59.0,-18.0
618,Troyes,2021,2022,38,9,11,18,37,53,38,16.0,9.0,13.0,57.0,-19.0
619,Lorient,2021,2022,38,8,12,18,35,63,36,15.0,8.0,15.0,52.0,-16.0
620,Clermont Foot,2021,2022,38,9,9,20,38,69,36,14.0,7.0,17.0,51.0,-15.0
621,Saint-Etienne,2021,2022,38,7,11,20,42,77,32,14.0,7.0,17.0,50.0,-18.0
622,Metz,2021,2022,38,6,13,19,35,69,31,14.0,8.0,16.0,50.0,-19.0
623,Bordeaux,2021,2022,38,6,13,19,52,91,31,15.0,6.0,17.0,51.0,-20.0
624,Juventus,2014,2015,38,26,9,3,72,24,87,25.0,9.0,4.0,83.0,4.0
625,Roma,2014,2015,38,19,13,6,54,31,70,21.0,9.0,8.0,74.0,-4.0
626,Lazio,2014,2015,38,21,6,11,71,38,69,22.0,7.0,9.0,74.0,-5.0
627,Fiorentina,2014,2015,38,18,10,10,61,46,64,20.0,7.0,11.0,68.0,-4.0
628,Napoli,2014,2015,38,18,9,11,70,54,63,20.0,6.0,12.0,66.0,-3.0
629,Genoa,2014,2015,38,16,11,11,62,47,59,20.0,7.0,11.0,67.0,-8.0
630,Sampdoria,2014,2015,38,13,17,8,48,42,56,19.0,8.0,11.0,66.0,-10.0
631,Inter,2014,2015,38,14,13,11,59,48,55,19.0,7.0,12.0,66.0,-11.0
632,Torino,2014,2015,38,14,12,12,48,45,54,19.0,8.0,11.0,65.0,-11.0
633,AC Milan,2014,2015,38,13,13,12,56,50,52,19.0,7.0,12.0,65.0,-13.0
634,Palermo,2014,2015,38,12,13,13,53,55,49,18.0,7.0,13.0,61.0,-12.0
635,Sassuolo,2014,2015,38,12,13,13,49,57,49,17.0,7.0,14.0,60.0,-11.0
636,Verona,2014,2015,38,11,13,14,49,65,46,16.0,7.0,15.0,56.0,-10.0
637,Chievo,2014,2015,38,10,13,15,28,41,43,16.0,11.0,11.0,59.0,-16.0
638,Empoli,2014,2015,38,8,18,12,46,52,42,17.0,8.0,13.0,60.0,-18.0
639,Udinese,2014,2015,38,10,11,17,43,56,41,16.0,8.0,14.0,58.0,-17.0
640,Atalanta,2014,2015,38,7,16,15,38,57,37,16.0,8.0,14.0,56.0,-19.0
641,Cagliari,2014,2015,38,8,10,20,48,68,34,16.0,7.0,15.0,55.0,-21.0
642,Parma,2014,2015,38,6,8,24,33,75,26,13.0,8.0,17.0,47.0,-21.0
643,Cesena,2014,2015,38,4,12,22,36,73,24,14.0,7.0,17.0,49.0,-25.0
644,Juventus,2015,2016,38,29,4,5,75,20,91,26.0,9.0,3.0,87.0,4.0
645,Napoli,2015,2016,38,25,7,6,80,32,82,24.0,7.0,7.0,79.0,3.0
646,Roma,2015,2016,38,23,11,4,83,41,80,23.0,7.0,8.0,75.0,5.0
647,Inter,2015,2016,38,20,7,11,50,38,67,20.0,9.0,9.0,69.0,-2.0
648,Fiorentina,2015,2016,38,18,10,10,60,42,64,20.0,8.0,10.0,69.0,-5.0
649,Sassuolo,2015,2016,38,16,13,9,49,40,61,19.0,9.0,10.0,67.0,-6.0
650,AC Milan,2015,2016,38,15,12,11,49,43,57,19.0,8.0,11.0,65.0,-8.0
651,Lazio,2015,2016,38,15,9,14,52,52,54,18.0,7.0,13.0,62.0,-8.0
652,Chievo,2015,2016,38,13,11,14,43,45,50,18.0,9.0,11.0,63.0,-13.0
653,Genoa,2015,2016,38,13,7,18,45,48,46,18.0,8.0,12.0,61.0,-15.0
654,Empoli,2015,2016,38,12,10,16,40,49,46,17.0,9.0,12.0,60.0,-14.0
655,Torino,2015,2016,38,12,9,17,52,55,45,18.0,7.0,13.0,61.0,-16.0
656,Atalanta,2015,2016,38,11,12,15,41,47,45,17.0,9.0,12.0,61.0,-16.0
657,Bologna,2015,2016,38,11,9,18,33,45,42,16.0,10.0,12.0,59.0,-17.0
658,Sampdoria,2015,2016,38,10,10,18,48,61,40,17.0,7.0,14.0,58.0,-18.0
659,Udinese,2015,2016,38,10,9,19,35,60,39,15.0,8.0,15.0,53.0,-14.0
660,Palermo,2015,2016,38,10,9,19,38,65,39,15.0,8.0,15.0,52.0,-13.0
661,Carpi,2015,2016,38,9,11,18,37,57,38,15.0,8.0,15.0,55.0,-17.0
662,Frosinone,2015,2016,38,8,7,23,35,76,31,13.0,7.0,18.0,48.0,-17.0
663,Verona,2015,2016,38,5,13,20,34,63,28,14.0,8.0,16.0,51.0,-23.0
664,Juventus,2016,2017,38,29,4,5,77,27,91,24.0,8.0,6.0,82.0,9.0
665,Roma,2016,2017,38,28,3,7,90,38,87,23.0,7.0,8.0,77.0,10.0
666,Napoli,2016,2017,38,26,8,4,94,39,86,23.0,6.0,9.0,77.0,9.0
667,Atalanta,2016,2017,38,21,9,8,62,41,72,21.0,8.0,9.0,70.0,2.0
668,Lazio,2016,2017,38,21,7,10,74,51,70,20.0,6.0,12.0,68.0,2.0
669,AC Milan,2016,2017,38,18,9,11,57,45,63,20.0,8.0,10.0,67.0,-4.0
670,Inter,2016,2017,38,19,5,14,72,49,62,21.0,7.0,10.0,69.0,-7.0
671,Fiorentina,2016,2017,38,16,12,10,63,57,60,19.0,7.0,12.0,64.0,-4.0
672,Torino,2016,2017,38,13,14,11,71,66,53,19.0,6.0,13.0,62.0,-9.0
673,Sassuolo,2016,2017,38,14,7,17,60,61,49,18.0,6.0,14.0,61.0,-12.0
674,Sampdoria,2016,2017,38,12,12,14,49,55,48,17.0,8.0,13.0,60.0,-12.0
675,Cagliari,2016,2017,38,14,5,19,55,76,47,16.0,6.0,16.0,55.0,-8.0
676,Udinese,2016,2017,38,12,9,17,47,56,45,17.0,8.0,13.0,59.0,-14.0
677,Chievo,2016,2017,38,12,7,19,43,61,43,16.0,7.0,15.0,56.0,-13.0
678,Bologna,2016,2017,38,11,8,19,40,58,41,16.0,8.0,14.0,56.0,-15.0
679,Genoa,2016,2017,38,9,9,20,38,64,36,15.0,8.0,15.0,53.0,-17.0
680,Crotone,2016,2017,38,9,7,22,34,58,34,15.0,9.0,14.0,53.0,-19.0
681,Empoli,2016,2017,38,8,8,22,29,61,32,13.0,9.0,16.0,49.0,-17.0
682,Palermo,2016,2017,38,6,8,24,33,77,26,13.0,8.0,17.0,47.0,-21.0
683,Pescara,2016,2017,38,2,9,27,35,83,15,13.0,7.0,18.0,46.0,-31.0
684,Juventus,2017,2018,38,30,5,3,86,24,95,25.0,8.0,5.0,85.0,10.0
685,Napoli,2017,2018,38,28,7,3,77,29,91,24.0,8.0,6.0,81.0,10.0
686,Roma,2017,2018,38,23,8,7,61,28,77,23.0,9.0,6.0,78.0,-1.0
687,Lazio,2017,2018,38,21,9,8,89,49,72,22.0,6.0,10.0,72.0,0.0
688,Inter,2017,2018,38,20,12,6,66,30,72,23.0,8.0,7.0,78.0,-6.0
689,AC Milan,2017,2018,38,18,10,10,56,42,64,20.0,8.0,10.0,68.0,-4.0
690,Atalanta,2017,2018,38,16,12,10,57,39,60,20.0,8.0,10.0,70.0,-10.0
691,Fiorentina,2017,2018,38,16,9,13,54,46,57,19.0,8.0,11.0,66.0,-9.0
692,Torino,2017,2018,38,13,15,10,54,46,54,19.0,8.0,11.0,66.0,-12.0
693,Sampdoria,2017,2018,38,16,6,16,56,60,54,18.0,7.0,13.0,60.0,-6.0
694,Sassuolo,2017,2018,38,11,10,17,29,59,43,14.0,9.0,15.0,50.0,-7.0
695,Genoa,2017,2018,38,11,8,19,33,43,41,16.0,10.0,12.0,59.0,-18.0
696,Udinese,2017,2018,38,12,4,22,48,63,40,17.0,7.0,14.0,57.0,-17.0
697,Chievo,2017,2018,38,10,10,18,36,59,40,15.0,8.0,15.0,54.0,-14.0
698,Bologna,2017,2018,38,11,6,21,40,52,39,16.0,8.0,14.0,58.0,-19.0
699,Cagliari,2017,2018,38,11,6,21,33,61,39,14.0,8.0,16.0,51.0,-12.0
700,SPAL 2013,2017,2018,38,8,14,16,39,59,38,16.0,8.0,14.0,55.0,-17.0
701,Crotone,2017,2018,38,9,8,21,40,66,35,15.0,7.0,16.0,53.0,-18.0
702,Verona,2017,2018,38,7,4,27,30,78,25,12.0,8.0,18.0,45.0,-20.0
703,Benevento,2017,2018,38,6,3,29,33,84,21,12.0,7.0,19.0,45.0,-24.0
704,Juventus,2018,2019,38,28,6,4,70,30,90,23.0,8.0,7.0,78.0,12.0
705,Napoli,2018,2019,38,24,7,7,74,36,79,22.0,7.0,9.0,75.0,4.0
706,Atalanta,2018,2019,38,20,9,9,77,46,69,21.0,7.0,10.0,71.0,-2.0
707,Inter,2018,2019,38,20,9,9,57,33,69,21.0,9.0,8.0,74.0,-5.0
708,AC Milan,2018,2019,38,19,11,8,55,36,68,21.0,8.0,9.0,71.0,-3.0
709,Roma,2018,2019,38,18,12,8,66,48,66,20.0,7.0,11.0,68.0,-2.0
710,Torino,2018,2019,38,16,15,7,52,37,63,20.0,9.0,9.0,70.0,-7.0
711,Lazio,2018,2019,38,17,8,13,56,46,59,19.0,8.0,11.0,66.0,-7.0
712,Sampdoria,2018,2019,38,15,8,15,60,51,53,19.0,7.0,12.0,65.0,-12.0
713,Bologna,2018,2019,38,11,11,16,48,56,44,17.0,7.0,14.0,60.0,-16.0
714,Sassuolo,2018,2019,38,9,16,13,53,60,43,17.0,7.0,14.0,59.0,-16.0
715,Udinese,2018,2019,38,11,10,17,39,53,43,16.0,8.0,14.0,58.0,-15.0
716,SPAL 2013,2018,2019,38,11,9,18,44,56,42,17.0,8.0,13.0,58.0,-16.0
717,Fiorentina,2018,2019,38,8,17,13,47,45,41,18.0,8.0,12.0,64.0,-23.0
718,Cagliari,2018,2019,38,10,11,17,36,54,41,16.0,9.0,13.0,56.0,-15.0
719,Parma Calcio 1913,2018,2019,38,10,11,17,41,61,41,16.0,8.0,14.0,55.0,-14.0
720,Genoa,2018,2019,38,8,14,16,39,57,38,16.0,8.0,14.0,56.0,-18.0
721,Empoli,2018,2019,38,10,8,20,51,70,38,16.0,7.0,15.0,56.0,-18.0
722,Frosinone,2018,2019,38,5,10,23,29,69,25,13.0,8.0,17.0,47.0,-22.0
723,Chievo,2018,2019,38,2,14,22,25,75,20,11.0,9.0,18.0,43.0,-23.0
724,Juventus,2019,2020,38,26,5,7,76,43,83,22.0,7.0,9.0,72.0,11.0
725,Inter,2019,2020,38,24,10,4,81,36,82,23.0,7.0,8.0,77.0,5.0
726,Atalanta,2019,2020,38,23,9,6,98,48,78,22.0,6.0,10.0,74.0,4.0
727,Lazio,2019,2020,38,24,6,8,79,42,78,22.0,7.0,9.0,73.0,5.0
728,Roma,2019,2020,38,21,7,10,77,51,70,21.0,6.0,11.0,69.0,1.0
729,AC Milan,2019,2020,38,19,9,10,63,46,66,20.0,7.0,11.0,68.0,-2.0
730,Napoli,2019,2020,38,18,8,12,61,50,62,20.0,7.0,11.0,66.0,-4.0
731,Sassuolo,2019,2020,38,14,9,15,69,63,51,19.0,6.0,13.0,63.0,-12.0
732,Fiorentina,2019,2020,38,12,13,13,51,48,49,18.0,8.0,12.0,64.0,-15.0
733,Parma Calcio 1913,2019,2020,38,14,7,17,56,57,49,18.0,7.0,13.0,62.0,-13.0
734,Verona,2019,2020,38,12,13,13,47,51,49,18.0,8.0,12.0,61.0,-12.0
735,Bologna,2019,2020,38,12,11,15,52,65,47,17.0,7.0,14.0,58.0,-11.0
736,Cagliari,2019,2020,38,11,12,15,52,56,45,18.0,7.0,13.0,61.0,-16.0
737,Udinese,2019,2020,38,12,9,17,37,51,45,16.0,9.0,13.0,57.0,-12.0
738,Sampdoria,2019,2020,38,12,6,20,48,65,42,16.0,7.0,15.0,56.0,-14.0
739,Torino,2019,2020,38,11,7,20,46,68,40,16.0,7.0,15.0,54.0,-14.0
740,Genoa,2019,2020,38,10,9,19,47,73,39,15.0,7.0,16.0,53.0,-14.0
741,Lecce,2019,2020,38,9,8,21,52,85,35,15.0,6.0,17.0,52.0,-17.0
742,Brescia,2019,2020,38,6,7,25,35,79,25,13.0,7.0,18.0,47.0,-22.0
743,SPAL 2013,2019,2020,38,5,5,28,27,77,20,12.0,8.0,18.0,44.0,-24.0
744,Inter,2020,2021,38,28,7,3,89,35,91,24.0,7.0,7.0,79.0,12.0
745,AC Milan,2020,2021,38,24,7,7,74,41,79,22.0,7.0,9.0,73.0,6.0
746,Atalanta,2020,2021,38,23,9,6,90,47,78,22.0,6.0,10.0,73.0,5.0
747,Juventus,2020,2021,38,23,9,6,77,38,78,23.0,7.0,8.0,75.0,3.0
748,Napoli,2020,2021,38,24,5,9,86,41,77,23.0,7.0,8.0,75.0,2.0
749,Lazio,2020,2021,38,21,5,12,61,55,68,19.0,7.0,12.0,64.0,4.0
750,Roma,2020,2021,38,18,9,11,68,55,63,20.0,6.0,12.0,66.0,-3.0
751,Sassuolo,2020,2021,38,17,11,10,64,56,62,19.0,7.0,12.0,64.0,-2.0
752,Sampdoria,2020,2021,38,15,7,16,52,54,52,18.0,7.0,13.0,62.0,-10.0
753,Verona,2020,2021,38,10,13,15,43,48,43,17.0,8.0,13.0,61.0,-18.0
754,Genoa,2020,2021,38,10,12,16,47,58,42,17.0,7.0,14.0,59.0,-17.0
755,Bologna,2020,2021,38,10,11,17,51,65,41,17.0,7.0,14.0,57.0,-16.0
756,Fiorentina,2020,2021,38,9,13,16,47,59,40,17.0,7.0,14.0,58.0,-18.0
757,Udinese,2020,2021,38,10,10,18,42,58,40,16.0,8.0,14.0,57.0,-17.0
758,Spezia,2020,2021,38,9,12,17,52,72,39,16.0,6.0,16.0,55.0,-16.0
759,Cagliari,2020,2021,38,9,10,19,43,59,37,16.0,8.0,14.0,57.0,-20.0
760,Torino,2020,2021,38,7,16,15,50,69,37,16.0,7.0,15.0,55.0,-18.0
761,Benevento,2020,2021,38,7,12,19,40,75,33,14.0,7.0,17.0,51.0,-18.0
762,Crotone,2020,2021,38,6,5,27,45,92,23,14.0,6.0,18.0,48.0,-25.0
763,Parma Calcio 1913,2020,2021,38,3,11,24,39,83,20,14.0,7.0,17.0,48.0,-28.0
764,AC Milan,2021,2022,38,26,8,4,69,31,86,23.0,8.0,7.0,78.0,8.0
765,Inter,2021,2022,38,25,9,4,84,32,84,24.0,7.0,7.0,79.0,5.0
766,Napoli,2021,2022,38,24,7,7,74,31,79,23.0,8.0,7.0,78.0,1.0
767,Juventus,2021,2022,38,20,10,8,57,37,70,21.0,8.0,9.0,71.0,-1.0
768,Lazio,2021,2022,38,18,10,10,77,58,64,20.0,6.0,12.0,67.0,-3.0
769,Roma,2021,2022,38,18,9,11,59,43,63,20.0,8.0,10.0,68.0,-5.0
770,Fiorentina,2021,2022,38,19,5,14,59,51,62,19.0,7.0,12.0,65.0,-3.0
771,Atalanta,2021,2022,38,16,11,11,65,48,59,20.0,7.0,11.0,68.0,-9.0
772,Verona,2021,2022,38,14,11,13,65,59,53,19.0,6.0,13.0,63.0,-10.0
773,Torino,2021,2022,38,13,11,14,46,41,50,19.0,9.0,10.0,66.0,-16.0
774,Sassuolo,2021,2022,38,13,11,14,64,66,50,18.0,6.0,14.0,61.0,-11.0
775,Udinese,2021,2022,38,11,14,13,61,58,47,19.0,7.0,12.0,63.0,-16.0
776,Bologna,2021,2022,38,12,10,16,44,55,46,17.0,8.0,13.0,59.0,-13.0
777,Empoli,2021,2022,38,10,11,17,50,70,41,16.0,7.0,15.0,55.0,-14.0
778,Sampdoria,2021,2022,38,10,6,22,46,63,36,16.0,7.0,15.0,56.0,-20.0
779,Spezia,2021,2022,38,10,6,22,41,71,36,15.0,7.0,16.0,52.0,-16.0
780,Salernitana,2021,2022,38,7,10,21,33,78,31,13.0,8.0,17.0,47.0,-16.0
781,Cagliari,2021,2022,38,6,12,20,34,68,30,14.0,8.0,16.0,50.0,-20.0
782,Genoa,2021,2022,38,4,16,18,27,60,28,13.0,9.0,16.0,49.0,-21.0
783,Venezia,2021,2022,38,6,9,23,34,69,27,14.0,8.0,16.0,49.0,-22.0
