,League,Team,Year_start,Year_end,M,W,D,L,G,GA,PTS,xG,NPxG,xGA,NPxGA,NPxGD,PPDA,OPPDA,DC,ODC
0,epl,Tottenham,2013,2014,1,1,0,0,4,1,3,1.62,1.62,0.39,0.39,1.23,5.7,15.55,12,7
1,epl,Bournemouth,2013,2014,1,1,0,0,2,0,3,0.59,0.59,0.49,0.49,0.1,11.68,6.61,3,11
2,epl,Arsenal,2013,2014,1,1,0,0,2,0,3,1.44,1.44,1.21,1.21,0.23,12.68,10.25,13,8
3,epl,Newcastle United,2013,2014,1,1,0,0,2,0,3,1.86,1.86,0.24,0.24,1.62,6.08,13.33,24,2
4,epl,Manchester City,2013,2014,1,1,0,0,2,0,3,2.59,1.83,0.25,0.25,1.58,25.5,26.0,11,2
5,epl,Chelsea,2013,2014,1,1,0,0,1,0,3,1.92,1.16,0.54,0.54,0.62,6.19,12.0,7,3
6,epl,Brighton,2013,2014,1,1,0,0,2,1,3,1.73,1.73,1.42,1.42,0.31,9.96,10.09,5,7
7,epl,Leeds,2013,2014,1,1,0,0,2,1,3,0.89,0.89,1.1,1.1,-0.21,9.29,10.65,5,9
8,epl,Leicester,2013,2014,1,0,1,0,2,2,1,0.46,0.46,0.93,0.93,-0.48,17.71,22.21,5,3
9,epl,Liverpool,2013,2014,1,0,1,0,2,2,1,2.34,2.34,1.27,0.51,1.83,6.33,18.47,11,4
10,epl,Fulham,2013,2014,1,0,1,0,2,2,1,1.27,0.51,2.34,2.34,-1.83,18.47,6.33,4,11
11,epl,Brentford,2013,2014,1,0,1,0,2,2,1,0.93,0.93,0.46,0.46,0.48,22.21,17.71,3,5
12,epl,Everton,2013,2014,1,0,0,1,0,1,0,0.54,0.54,1.92,1.16,-0.62,12.0,6.19,3,7
13,epl,Manchester United,2013,2014,1,0,0,1,1,2,0,1.42,1.42,1.73,1.73,-0.31,10.09,9.96,7,5
14,epl,Wolverhampton Wanderers,2013,2014,1,0,0,1,1,2,0,1.1,1.1,0.89,0.89,0.21,10.65,9.29,9,5
15,epl,Aston Villa,2013,2014,1,0,0,1,0,2,0,0.49,0.49,0.59,0.59,-0.1,6.61,11.68,11,3
16,epl,Crystal Palace,2013,2014,1,0,0,1,0,2,0,1.21,1.21,1.44,1.44,-0.23,10.25,12.68,8,13
17,epl,West Ham,2013,2014,1,0,0,1,0,2,0,0.25,0.25,2.59,1.83,-1.58,26.0,25.5,2,11
18,epl,Nottingham Forest,2013,2014,1,0,0,1,0,2,0,0.24,0.24,1.86,1.86,-1.62,13.33,6.08,2,24
19,epl,Southampton,2013,2014,1,0,0,1,1,4,0,0.39,0.39,1.62,1.62,-1.23,15.55,5.7,7,12
0,epl,Chelsea,2014,2015,38,26,9,3,73,32,87,68.64,64.74,31.52,29.24,35.5,10.34,11.62,407,171
1,epl,Manchester City,2014,2015,38,24,7,7,83,38,79,75.82,69.61,40.5,37.45,32.15,7.57,13.92,575,144
2,epl,Arsenal,2014,2015,38,22,9,7,71,36,75,69.8,64.47,35.72,33.44,31.04,8.2,10.58,398,171
3,epl,Manchester United,2014,2015,38,20,10,8,62,37,70,54.21,50.4,39.84,36.8,13.6,7.13,14.16,267,194
4,epl,Tottenham,2014,2015,38,19,7,12,58,53,64,52.39,48.43,57.04,51.6,-3.17,7.72,10.74,210,232
5,epl,Liverpool,2014,2015,38,18,8,12,52,48,62,51.7,47.13,38.25,35.83,11.3,9.76,10.87,306,201
6,epl,Southampton,2014,2015,38,18,6,14,54,33,60,54.97,52.68,39.11,37.59,15.09,8.9,13.49,270,183
7,epl,Swansea,2014,2015,38,16,8,14,46,49,56,40.9,39.38,55.94,54.42,-15.04,11.79,10.66,156,310
8,epl,Stoke,2014,2015,38,15,9,14,48,45,54,46.26,43.98,47.03,43.22,0.75,9.6,9.53,195,239
9,epl,Crystal Palace,2014,2015,38,13,9,16,47,51,48,44.76,40.05,45.48,40.82,-0.77,10.53,6.22,180,258
10,epl,Everton,2014,2015,38,12,11,15,48,50,47,44.89,39.56,46.18,43.14,-3.58,9.61,10.91,259,245
11,epl,West Ham,2014,2015,38,12,11,15,44,47,47,46.69,45.16,57.4,53.44,-8.28,11.21,8.03,217,316
12,epl,West Bromwich Albion,2014,2015,38,11,11,16,38,51,44,38.63,34.82,53.75,48.42,-13.6,12.24,8.76,161,283
13,epl,Leicester,2014,2015,38,11,8,19,46,55,41,48.21,45.16,56.39,53.35,-8.19,9.99,7.66,191,287
14,epl,Newcastle United,2014,2015,38,10,9,19,40,63,39,40.22,39.46,51.01,47.97,-8.51,9.77,8.24,175,239
15,epl,Sunderland,2014,2015,38,7,17,14,31,53,38,37.45,34.4,51.46,48.42,-14.02,10.26,7.73,153,313
16,epl,Aston Villa,2014,2015,38,10,8,20,31,57,38,33.1,32.34,49.71,46.66,-14.32,14.05,10.11,184,237
17,epl,Hull,2014,2015,38,8,11,19,33,51,35,32.79,32.03,46.99,44.7,-12.67,12.52,9.42,139,261
18,epl,Burnley,2014,2015,38,7,12,19,28,53,33,39.37,37.09,57.89,54.08,-16.99,10.74,9.43,218,258
19,epl,Queens Park Rangers,2014,2015,38,8,6,24,42,73,30,45.73,41.91,65.26,62.22,-20.31,9.56,7.34,179,298
0,epl,Leicester,2015,2016,38,23,12,3,68,36,81,68.42,58.52,45.02,41.98,16.55,9.57,7.63,217,275
1,epl,Arsenal,2015,2016,38,20,11,7,65,36,71,73.53,72.01,33.86,33.1,38.91,8.35,10.83,467,192
2,epl,Tottenham,2015,2016,38,19,13,6,69,35,70,63.42,59.61,37.08,35.56,24.05,6.44,10.88,255,182
3,epl,Manchester City,2015,2016,38,19,9,10,71,41,66,66.2,60.11,37.47,36.71,23.4,7.78,11.42,379,149
4,epl,Manchester United,2015,2016,38,19,9,10,49,35,66,45.42,43.14,39.66,38.13,5.01,7.73,11.49,272,198
5,epl,Southampton,2015,2016,38,18,9,11,59,41,63,56.2,53.09,44.29,43.53,9.55,9.12,11.14,276,194
6,epl,West Ham,2015,2016,38,16,14,8,65,51,62,54.4,51.36,55.48,49.39,1.97,9.31,8.81,212,260
7,epl,Liverpool,2015,2016,38,16,12,10,63,50,60,54.37,52.84,37.88,35.53,17.32,7.48,10.85,373,158
8,epl,Stoke,2015,2016,38,14,9,15,41,55,51,42.63,38.82,54.35,50.54,-11.72,9.94,9.53,179,257
9,epl,Chelsea,2015,2016,38,12,14,12,59,53,50,54.48,50.67,44.63,41.58,9.09,8.53,10.08,354,194
10,epl,Everton,2015,2016,38,11,14,13,59,55,47,53.98,50.18,54.75,50.18,-0.01,11.12,10.0,256,304
11,epl,Swansea,2015,2016,38,12,11,15,42,52,47,39.96,36.15,53.63,52.11,-15.96,9.46,10.77,188,254
12,epl,Watford,2015,2016,38,12,9,17,40,50,45,43.2,37.87,51.85,45.74,-7.87,9.39,8.0,193,241
13,epl,West Bromwich Albion,2015,2016,38,10,13,15,34,48,43,39.75,35.93,51.94,47.37,-11.44,11.41,7.2,168,256
14,epl,Crystal Palace,2015,2016,38,11,9,18,39,51,42,42.51,38.7,52.94,49.89,-11.19,9.03,7.8,161,306
15,epl,Bournemouth,2015,2016,38,11,9,18,45,67,42,38.71,35.66,53.97,49.4,-13.74,9.03,10.03,199,216
16,epl,Sunderland,2015,2016,38,9,12,17,48,62,39,40.52,38.23,58.85,52.76,-14.53,11.64,7.68,188,312
17,epl,Newcastle United,2015,2016,38,9,10,19,44,65,37,37.61,35.32,55.42,51.62,-16.3,11.48,7.6,154,294
18,epl,Norwich,2015,2016,38,9,7,22,39,67,34,39.19,38.43,58.93,51.32,-12.89,11.82,8.52,182,267
19,epl,Aston Villa,2015,2016,38,3,8,27,27,76,17,26.53,25.0,59.01,55.2,-30.2,12.2,7.68,136,300
0,epl,Chelsea,2016,2017,38,30,3,5,85,33,93,61.8,58.61,28.62,27.1,31.51,11.08,11.14,435,150
1,epl,Tottenham,2016,2017,38,26,8,4,86,26,86,70.07,63.22,33.78,32.26,30.96,7.4,11.36,300,182
2,epl,Manchester City,2016,2017,38,23,9,6,80,39,78,79.85,73.0,29.61,25.66,47.34,6.43,14.25,441,131
3,epl,Liverpool,2016,2017,38,22,10,6,78,42,76,66.63,60.54,37.65,33.85,26.7,7.23,14.59,446,134
4,epl,Arsenal,2016,2017,38,23,6,9,77,44,75,63.58,59.01,47.07,39.46,19.55,8.26,12.54,478,199
5,epl,Manchester United,2016,2017,38,18,15,5,54,29,69,57.57,54.53,31.62,27.82,26.71,8.57,12.03,334,177
6,epl,Everton,2016,2017,38,17,10,11,62,44,61,49.63,46.59,45.78,41.98,4.61,9.85,10.41,197,261
7,epl,Southampton,2016,2017,38,12,10,16,41,48,46,49.98,45.42,43.08,36.23,9.18,8.6,11.84,249,256
8,epl,Bournemouth,2016,2017,38,12,10,16,55,67,46,50.02,42.4,62.99,59.19,-16.78,10.68,9.09,244,321
9,epl,West Bromwich Albion,2016,2017,38,12,9,17,43,51,45,38.21,37.45,47.9,45.62,-8.16,14.71,6.87,133,275
10,epl,West Ham,2016,2017,38,12,9,17,47,64,45,48.25,44.99,59.67,53.58,-8.6,11.03,9.81,166,297
11,epl,Leicester,2016,2017,38,12,8,18,48,63,44,44.34,39.66,51.3,48.26,-8.6,11.48,8.47,196,279
12,epl,Stoke,2016,2017,38,11,11,16,41,56,44,47.87,43.31,48.67,47.15,-3.84,11.49,7.8,217,253
13,epl,Crystal Palace,2016,2017,38,12,5,21,50,63,41,45.4,40.07,50.03,48.51,-8.43,9.07,7.57,204,297
14,epl,Swansea,2016,2017,38,12,5,21,45,70,41,39.5,37.22,65.13,58.92,-21.71,12.52,10.63,161,308
15,epl,Burnley,2016,2017,38,11,7,20,39,55,40,35.59,31.02,55.27,51.25,-20.22,12.13,9.3,174,290
16,epl,Watford,2016,2017,38,11,7,20,40,68,40,36.25,33.97,52.62,49.57,-15.6,10.25,8.71,171,240
17,epl,Hull,2016,2017,38,9,7,22,37,80,34,33.84,31.56,71.77,61.88,-30.32,14.16,10.15,160,326
18,epl,Middlesbrough,2016,2017,38,5,13,20,27,53,28,30.93,29.41,55.3,51.5,-22.09,10.28,10.05,144,320
19,epl,Sunderland,2016,2017,38,6,6,26,29,69,24,34.22,30.42,65.66,62.62,-32.2,12.65,7.97,180,334
0,epl,Manchester City,2017,2018,38,32,4,2,106,27,100,91.43,85.12,24.51,22.99,62.13,6.4,23.28,541,96
1,epl,Manchester United,2017,2018,38,25,6,7,68,28,81,59.04,56.63,43.54,42.78,13.85,10.25,13.15,319,243
2,epl,Tottenham,2017,2018,38,23,8,7,74,36,77,68.91,66.63,35.86,33.48,33.15,7.58,14.35,339,162
3,epl,Liverpool,2017,2018,38,21,12,5,84,38,75,77.49,75.18,35.75,31.18,44.0,9.55,19.49,436,148
4,epl,Chelsea,2017,2018,38,21,7,10,62,38,70,59.16,56.88,34.03,32.51,24.36,12.31,12.56,373,220
5,epl,Arsenal,2017,2018,38,19,6,13,74,51,63,72.27,68.46,48.75,44.18,24.29,9.13,15.64,488,203
6,epl,Burnley,2017,2018,38,14,12,12,36,39,54,32.77,32.77,52.16,48.35,-15.58,13.67,10.26,162,305
7,epl,Everton,2017,2018,38,13,10,15,44,58,49,43.71,37.5,55.5,51.69,-14.19,10.24,10.55,185,297
8,epl,Leicester,2017,2018,38,12,11,15,56,60,47,50.29,45.72,49.36,46.31,-0.59,11.37,9.46,183,268
9,epl,Newcastle United,2017,2018,38,12,8,18,39,47,44,44.63,43.86,52.47,47.75,-3.89,13.38,8.47,171,287
10,epl,Crystal Palace,2017,2018,38,11,11,16,45,55,44,56.75,49.14,53.54,52.01,-2.87,11.69,7.71,247,269
11,epl,Bournemouth,2017,2018,38,11,11,16,45,61,44,39.99,37.71,64.93,62.65,-24.94,14.03,8.96,245,339
12,epl,West Ham,2017,2018,38,10,12,16,48,68,42,36.8,33.76,58.37,53.71,-19.95,12.39,8.15,173,308
13,epl,Watford,2017,2018,38,11,8,19,44,64,41,45.85,41.13,53.98,49.41,-8.29,10.34,9.93,232,237
14,epl,Brighton,2017,2018,38,9,13,16,34,54,40,37.21,31.89,53.08,50.8,-18.91,15.57,11.23,159,291
15,epl,Huddersfield,2017,2018,38,9,10,19,28,58,37,32.13,30.61,53.22,48.5,-17.89,12.22,9.99,125,251
16,epl,Southampton,2017,2018,38,7,15,16,37,56,36,41.88,39.6,46.56,45.03,-5.44,9.55,11.45,225,277
17,epl,Swansea,2017,2018,38,8,9,21,28,56,33,29.71,28.95,61.83,57.12,-28.17,14.65,10.91,148,301
18,epl,Stoke,2017,2018,38,7,12,19,35,68,33,36.75,34.47,65.54,61.74,-27.26,13.81,8.11,189,315
19,epl,West Bromwich Albion,2017,2018,38,6,13,19,31,56,31,35.18,34.42,48.99,48.23,-13.81,13.33,8.3,140,263
0,epl,Manchester City,2018,2019,38,32,2,4,95,23,98,93.72,90.68,25.73,22.69,67.99,8.44,26.31,582,135
1,epl,Liverpool,2018,2019,38,30,7,1,89,22,97,79.46,74.13,29.15,28.38,45.75,9.99,19.15,431,152
2,epl,Chelsea,2018,2019,38,21,9,8,63,39,72,63.97,60.16,38.11,36.45,23.71,9.79,14.84,376,188
3,epl,Tottenham,2018,2019,38,23,2,13,67,39,71,61.75,58.7,49.15,45.34,13.36,9.4,14.45,270,202
4,epl,Arsenal,2018,2019,38,21,7,10,73,51,70,64.8,60.99,57.3,51.97,9.02,9.47,12.79,400,253
5,epl,Manchester United,2018,2019,38,19,9,10,65,54,66,68.62,59.38,52.3,47.73,11.64,10.49,13.37,313,268
6,epl,Wolverhampton Wanderers,2018,2019,38,16,9,13,47,46,57,53.06,50.01,42.69,39.65,10.37,13.66,11.72,184,220
7,epl,Everton,2018,2019,38,15,9,14,54,46,54,53.87,49.92,49.31,45.4,4.53,9.81,10.08,211,210
8,epl,Leicester,2018,2019,38,15,7,16,51,48,52,52.11,46.79,44.64,40.84,5.95,11.27,10.57,205,253
9,epl,West Ham,2018,2019,38,15,7,16,52,55,52,47.96,44.15,65.66,61.86,-17.7,12.2,9.79,261,293
10,epl,Watford,2018,2019,38,14,8,16,52,59,50,51.73,50.97,63.29,59.49,-8.51,11.36,10.0,275,264
11,epl,Crystal Palace,2018,2019,38,14,7,17,51,53,49,50.64,42.27,52.8,49.0,-6.73,14.16,8.78,256,261
12,epl,Newcastle United,2018,2019,38,12,9,17,42,48,45,39.91,37.63,57.55,52.98,-15.35,13.99,9.4,178,305
13,epl,Bournemouth,2018,2019,38,13,6,19,56,70,45,58.81,51.96,62.42,58.62,-6.66,15.34,10.3,280,313
14,epl,Burnley,2018,2019,38,11,7,20,45,68,40,44.74,43.22,66.12,63.84,-20.62,13.58,10.16,193,315
15,epl,Southampton,2018,2019,38,9,12,17,45,65,39,49.67,45.87,59.27,56.99,-11.12,11.13,10.09,206,300
16,epl,Brighton,2018,2019,38,9,9,20,35,60,36,37.03,32.46,62.46,54.85,-22.39,13.63,10.15,153,321
17,epl,Cardiff,2018,2019,38,10,4,24,34,69,34,41.77,38.73,66.5,61.17,-22.45,14.64,5.65,143,357
18,epl,Fulham,2018,2019,38,7,5,26,34,81,26,42.62,40.34,73.59,68.26,-27.92,13.75,10.98,171,335
19,epl,Huddersfield,2018,2019,38,3,7,28,22,76,16,29.0,28.24,67.19,61.1,-32.86,10.93,10.68,133,276
0,epl,Liverpool,2019,2020,38,32,3,3,85,33,99,75.19,71.39,39.57,38.81,32.58,8.01,21.33,429,145
1,epl,Manchester City,2019,2020,38,26,3,9,102,35,81,102.21,93.53,37.0,34.71,58.82,8.49,23.77,547,135
2,epl,Manchester United,2019,2020,38,18,12,8,66,36,66,66.19,55.53,38.06,35.78,19.75,9.64,11.1,290,178
3,epl,Chelsea,2019,2020,38,20,6,12,69,54,66,76.23,70.9,41.09,39.57,31.33,9.01,14.66,326,169
4,epl,Leicester,2019,2020,38,18,8,12,67,41,62,61.02,55.67,47.89,40.28,15.39,7.95,12.75,293,203
5,epl,Tottenham,2019,2020,38,16,11,11,61,47,59,49.02,45.83,54.13,48.8,-2.97,10.94,10.11,224,264
6,epl,Wolverhampton Wanderers,2019,2020,38,15,14,9,51,40,59,54.22,51.18,37.39,34.96,16.22,13.39,10.29,172,193
7,epl,Arsenal,2019,2020,38,14,14,10,56,48,56,50.82,48.54,57.25,51.01,-2.47,11.02,11.45,265,253
8,epl,Sheffield United,2019,2020,38,14,12,12,39,39,54,45.81,45.05,52.04,49.76,-4.71,13.71,11.35,198,231
9,epl,Burnley,2019,2020,38,15,9,14,43,50,54,49.35,47.06,53.84,50.02,-2.95,11.89,9.35,145,263
10,epl,Southampton,2019,2020,38,15,7,16,51,60,52,56.5,52.54,56.59,53.55,-1.01,8.26,9.97,230,249
11,epl,Everton,2019,2020,38,13,10,15,44,56,49,53.71,52.95,49.21,46.17,6.78,10.17,10.38,203,215
12,epl,Newcastle United,2019,2020,38,11,11,16,38,58,44,36.49,35.73,67.03,65.51,-29.78,19.0,7.55,132,344
13,epl,Crystal Palace,2019,2020,38,11,10,17,31,50,43,34.45,32.16,57.39,56.63,-24.47,13.0,7.99,225,281
14,epl,Brighton,2019,2020,38,9,14,15,39,54,41,47.42,45.9,60.42,58.89,-12.99,10.36,12.78,242,264
15,epl,West Ham,2019,2020,38,10,9,19,49,62,39,49.07,46.02,68.32,63.76,-17.73,13.22,9.5,217,308
16,epl,Aston Villa,2019,2020,38,9,8,21,41,67,35,45.09,42.65,71.6,66.88,-24.23,12.34,7.89,186,343
17,epl,Bournemouth,2019,2020,38,9,7,22,40,65,34,44.67,41.63,63.29,58.73,-17.1,13.38,9.15,210,326
18,epl,Watford,2019,2020,38,8,10,20,36,64,34,48.56,42.47,59.53,52.52,-10.05,12.2,9.64,227,259
19,epl,Norwich,2019,2020,38,5,6,27,26,75,21,37.23,35.71,71.61,66.13,-30.41,12.59,9.65,207,345
0,epl,Manchester City,2020,2021,38,27,5,6,83,32,86,77.72,70.86,30.61,22.82,48.05,10.11,20.39,405,150
1,epl,Manchester United,2020,2021,38,21,11,6,73,44,74,63.17,54.8,41.92,38.87,15.93,10.95,12.46,339,186
2,epl,Liverpool,2020,2021,38,20,9,9,68,42,69,72.21,67.64,47.3,41.22,26.43,9.13,18.57,458,144
3,epl,Chelsea,2020,2021,38,19,10,9,58,36,67,68.66,61.04,30.9,27.86,33.18,9.19,16.5,337,179
4,epl,Leicester,2020,2021,38,20,6,12,68,50,66,58.8,49.67,47.07,44.02,5.65,9.99,13.5,237,209
5,epl,West Ham,2020,2021,38,19,8,11,62,47,65,60.34,57.13,49.86,46.06,11.08,16.45,11.08,172,286
6,epl,Tottenham,2020,2021,38,18,8,12,68,45,62,56.68,52.87,52.55,44.94,7.93,11.27,11.52,193,293
7,epl,Arsenal,2020,2021,38,18,7,13,55,39,61,52.25,47.68,43.23,40.95,6.73,13.64,16.28,292,203
8,epl,Leeds,2020,2021,38,18,5,15,62,54,59,59.26,56.21,63.02,56.01,0.2,7.17,12.27,305,283
9,epl,Everton,2020,2021,38,17,8,13,47,48,59,49.24,45.42,50.16,47.12,-1.7000000000000002,14.21,11.82,207,270
10,epl,Aston Villa,2020,2021,38,16,7,15,55,46,55,56.72,52.15,53.25,48.69,3.46,10.84,9.26,274,312
11,epl,Newcastle United,2020,2021,38,12,9,17,46,62,45,43.96,38.46,60.02,56.22,-17.76,18.0,8.27,138,322
12,epl,Wolverhampton Wanderers,2020,2021,38,12,9,17,36,52,45,38.62,35.57,52.19,46.1,-10.53,14.12,11.51,139,270
13,epl,Crystal Palace,2020,2021,38,12,8,18,41,66,44,35.29,32.24,61.9,58.86,-26.62,16.14,7.6,201,272
14,epl,Southampton,2020,2021,38,12,7,19,47,68,43,45.28,40.72,58.55,51.7,-10.98,9.73,10.47,222,275
15,epl,Brighton,2020,2021,38,9,14,15,40,46,41,53.82,46.97,39.91,34.58,12.39,10.31,13.63,311,208
16,epl,Burnley,2020,2021,38,10,9,19,33,55,39,38.13,35.84,59.06,56.77,-20.93,13.16,9.72,233,332
17,epl,Fulham,2020,2021,38,5,13,20,27,53,28,41.06,36.49,57.64,52.31,-15.82,12.16,10.38,224,227
18,epl,West Bromwich Albion,2020,2021,38,5,11,22,35,76,26,34.97,31.93,74.04,65.67,-33.74,15.99,7.99,164,343
19,epl,Sheffield United,2020,2021,38,7,2,29,20,63,23,33.16,30.11,66.11,63.06,-32.95,14.1,11.49,198,285
0,epl,Manchester City,2021,2022,38,29,6,3,99,26,93,93.4,86.32,25.21,24.45,61.87,8.52,22.92,508,138
1,epl,Liverpool,2021,2022,38,28,8,2,94,26,92,93.02,86.83,32.73,32.73,54.1,8.07,21.71,461,159
2,epl,Chelsea,2021,2022,38,21,11,6,76,33,74,69.3,62.45,35.12,30.55,31.9,8.76,16.36,385,163
3,epl,Tottenham,2021,2022,38,22,5,11,69,40,71,67.95,64.15,43.7,42.18,21.97,12.53,12.38,285,255
4,epl,Arsenal,2021,2022,38,22,3,13,61,48,69,63.39,57.19,48.39,43.82,13.37,12.55,13.94,314,220
5,epl,Manchester United,2021,2022,38,16,10,12,57,57,58,57.21,53.41,56.85,53.05,0.36,12.84,12.09,293,261
6,epl,West Ham,2021,2022,38,16,8,14,60,51,56,54.98,50.26,53.88,49.31,0.95,14.06,13.78,239,294
7,epl,Leicester,2021,2022,38,14,10,14,62,59,52,49.49,47.97,66.11,59.06,-11.1,11.78,12.4,252,293
8,epl,Brighton,2021,2022,38,12,15,11,42,44,51,49.57,44.24,47.21,44.17,0.07,9.37,13.44,305,244
9,epl,Wolverhampton Wanderers,2021,2022,38,15,6,17,38,43,51,39.04,38.28,58.48,50.87,-12.59,14.64,11.32,181,309
10,epl,Newcastle United,2021,2022,38,13,10,15,44,62,49,41.53,39.24,62.71,57.99,-18.75,13.8,7.85,170,293
11,epl,Crystal Palace,2021,2022,38,11,15,12,50,46,48,48.84,42.66,41.33,38.29,4.38,11.38,9.56,213,238
12,epl,Brentford,2021,2022,38,13,7,18,48,56,46,52.89,48.32,49.5,45.69,2.63,11.66,10.2,232,226
13,epl,Aston Villa,2021,2022,38,13,6,19,52,54,45,43.13,40.85,53.1,48.42,-7.57,12.91,8.93,258,258
14,epl,Southampton,2021,2022,38,9,13,16,43,67,40,47.35,44.3,64.56,63.04,-18.73,10.5,9.55,209,286
15,epl,Everton,2021,2022,38,11,6,21,43,66,39,44.47,39.14,60.69,59.17,-20.03,14.03,7.83,190,299
16,epl,Leeds,2021,2022,38,9,11,18,42,79,38,51.19,47.38,71.31,67.5,-20.12,8.58,11.34,239,300
17,epl,Burnley,2021,2022,38,7,14,17,34,53,35,41.11,39.58,60.22,56.42,-16.83,12.89,9.5,184,316
18,epl,Watford,2021,2022,38,6,5,27,34,77,23,39.34,37.82,67.53,62.21,-24.39,14.27,7.62,159,339
19,epl,Norwich,2021,2022,38,5,7,26,23,84,22,31.51,29.23,80.08,70.72,-41.49,15.33,9.35,188,374
0,bundesliga,Bayern Munich,2013,2014,1,1,0,0,6,1,3,4.5600000000000005,4.5600000000000005,0.76,0.76,3.8,8.17,31.85,12,3
1,bundesliga,Freiburg,2013,2014,1,1,0,0,4,0,3,1.54,1.54,0.59,0.59,0.96,9.92,6.67,6,6
2,bundesliga,Borussia M.Gladbach,2013,2014,1,1,0,0,3,1,3,2.07,2.07,0.12,0.12,1.96,9.96,18.8,21,3
3,bundesliga,FC Cologne,2013,2014,1,1,0,0,3,1,3,4.42,4.42,0.23,0.23,4.19,4.33,21.67,11,2
4,bundesliga,Union Berlin,2013,2014,1,1,0,0,3,1,3,1.18,1.18,0.35,0.35,0.8300000000000001,5.97,15.83,10,1
5,bundesliga,Mainz 05,2013,2014,1,1,0,0,2,1,3,1.59,1.59,0.8200000000000001,0.8200000000000001,0.78,16.62,6.84,3,3
6,bundesliga,Borussia Dortmund,2013,2014,1,1,0,0,1,0,3,2.38,2.38,1.24,1.24,1.15,9.1,9.0,8,2
7,bundesliga,Werder Bremen,2013,2014,1,0,1,0,2,2,1,1.04,1.04,0.95,0.95,0.09,8.97,4.32,9,6
8,bundesliga,Wolfsburg,2013,2014,1,0,1,0,2,2,1,0.95,0.95,1.04,1.04,-0.09,4.32,8.97,6,9
9,bundesliga,VfB Stuttgart,2013,2014,1,0,1,0,1,1,1,0.5700000000000001,0.5700000000000001,2.13,2.13,-1.57,14.0,5.39,8,14
10,bundesliga,RasenBallsport Leipzig,2013,2014,1,0,1,0,1,1,1,2.13,2.13,0.5700000000000001,0.5700000000000001,1.57,5.39,14.0,14,8
11,bundesliga,Bayer Leverkusen,2013,2014,1,0,0,1,0,1,0,1.24,1.24,2.38,2.38,-1.15,9.0,9.1,2,8
12,bundesliga,Bochum,2013,2014,1,0,0,1,1,2,0,0.8200000000000001,0.8200000000000001,1.59,1.59,-0.78,6.84,16.62,3,3
13,bundesliga,Hoffenheim,2013,2014,1,0,0,1,1,3,0,0.12,0.12,2.07,2.07,-1.96,18.8,9.96,3,21
14,bundesliga,Hertha Berlin,2013,2014,1,0,0,1,1,3,0,0.35,0.35,1.18,1.18,-0.8300000000000001,15.83,5.97,1,10
15,bundesliga,Schalke 04,2013,2014,1,0,0,1,1,3,0,0.23,0.23,4.42,4.42,-4.19,21.67,4.33,2,11
16,bundesliga,Augsburg,2013,2014,1,0,0,1,0,4,0,0.59,0.59,1.54,1.54,-0.96,6.67,9.92,6,6
17,bundesliga,Eintracht Frankfurt,2013,2014,1,0,0,1,1,6,0,0.76,0.76,4.5600000000000005,4.5600000000000005,-3.8,31.85,8.17,3,12
0,bundesliga,Bayern Munich,2014,2015,34,25,4,5,80,18,79,66.21,61.66,21.94,20.42,41.24,5.65,17.79,388,83
1,bundesliga,Wolfsburg,2014,2015,34,20,9,5,72,38,69,58.35,55.32,38.82,36.42,18.9,8.43,9.66,172,164
2,bundesliga,Borussia M.Gladbach,2014,2015,34,19,9,6,53,26,66,51.74,49.47,36.34,33.31,16.16,11.41,11.93,221,198
3,bundesliga,Bayer Leverkusen,2014,2015,34,17,10,7,62,37,61,49.16,48.4,34.72,30.17,18.22,5.5,6.61,246,108
4,bundesliga,Augsburg,2014,2015,34,15,4,15,43,43,49,43.91,37.72,46.66,43.63,-5.91,7.06,9.39,134,221
5,bundesliga,Schalke 04,2014,2015,34,13,9,12,42,40,48,41.26,38.99,46.96,45.45,-6.46,9.3,8.87,161,214
6,bundesliga,Borussia Dortmund,2014,2015,34,13,7,14,47,42,46,53.86,51.59,33.4,31.88,19.71,7.4,10.75,292,112
7,bundesliga,Hoffenheim,2014,2015,34,12,8,14,49,55,44,49.96,46.17,50.0,46.97,-0.79,6.85,7.85,207,206
8,bundesliga,Eintracht Frankfurt,2014,2015,34,11,10,13,56,62,43,47.37,44.34,55.04,52.77,-8.43,7.88,7.42,185,227
9,bundesliga,Werder Bremen,2014,2015,34,11,10,13,50,65,43,42.67,39.56,52.38,48.59,-9.03,8.27,5.79,182,236
10,bundesliga,Mainz 05,2014,2015,34,9,13,12,45,47,40,43.91,40.12,48.11,43.48,-3.36,9.49,7.82,183,196
11,bundesliga,FC Cologne,2014,2015,34,9,13,12,34,40,40,32.22,29.19,40.52,37.49,-8.3,15.42,9.06,137,230
12,bundesliga,Hannover 96,2014,2015,34,9,10,15,40,56,37,36.43,34.16,46.28,44.77,-10.61,9.0,8.75,179,198
13,bundesliga,VfB Stuttgart,2014,2015,34,9,9,16,42,60,36,45.64,44.88,48.1,45.07,-0.19,9.06,8.75,143,201
14,bundesliga,Hertha Berlin,2014,2015,34,9,8,17,36,52,35,32.66,29.63,46.2,43.92,-14.3,10.66,6.18,96,196
15,bundesliga,Hamburger SV,2014,2015,34,9,8,17,25,50,35,32.86,30.59,55.83,49.77,-19.18,7.75,7.11,138,185
16,bundesliga,Freiburg,2014,2015,34,7,13,14,36,47,34,38.69,31.87,45.91,44.4,-12.53,10.75,7.83,229,232
17,bundesliga,Paderborn,2014,2015,34,7,10,17,31,65,31,36.08,35.32,55.77,50.47,-15.14,10.32,6.23,147,233
0,bundesliga,Bayern Munich,2015,2016,34,28,4,2,80,17,88,77.04,70.22,20.79,19.28,50.94,6.23,17.6,353,103
1,bundesliga,Borussia Dortmund,2015,2016,34,24,6,4,82,34,78,83.41,78.84,29.18,26.15,52.7,7.28,14.14,387,126
2,bundesliga,Bayer Leverkusen,2015,2016,34,18,6,10,56,40,60,52.91,50.63,41.24,35.93,14.7,5.93,7.76,243,165
3,bundesliga,Borussia M.Gladbach,2015,2016,34,17,4,13,67,50,55,53.67,50.64,49.07,43.01,7.63,7.98,11.39,243,186
4,bundesliga,Schalke 04,2015,2016,34,15,7,12,51,49,52,47.13,43.34,47.88,45.61,-2.27,9.2,9.39,228,197
5,bundesliga,Mainz 05,2015,2016,34,14,8,12,46,42,50,47.91,47.16,47.27,41.95,5.21,9.13,7.73,194,195
6,bundesliga,Hertha Berlin,2015,2016,34,14,8,12,42,42,50,35.9,33.62,43.94,40.91,-7.29,12.18,9.93,147,181
7,bundesliga,Wolfsburg,2015,2016,34,12,9,13,47,49,45,49.49,47.22,41.62,40.1,7.11,9.24,11.6,177,195
8,bundesliga,FC Cologne,2015,2016,34,10,13,11,38,42,43,42.87,39.84,44.43,41.4,-1.56,13.26,9.7,178,207
9,bundesliga,Hamburger SV,2015,2016,34,11,8,15,40,46,41,38.75,36.48,51.19,47.4,-10.92,8.57,7.29,149,208
10,bundesliga,Ingolstadt,2015,2016,34,10,10,14,33,42,40,41.02,33.43,45.82,42.79,-9.36,7.09,6.29,164,183
11,bundesliga,Augsburg,2015,2016,34,9,11,14,42,52,38,42.39,37.09,55.65,50.35,-13.26,10.39,9.13,119,249
12,bundesliga,Werder Bremen,2015,2016,34,10,8,16,50,65,38,50.12,43.3,51.8,47.25,-3.95,9.12,6.0,247,210
13,bundesliga,Darmstadt,2015,2016,34,9,11,14,38,53,38,39.03,36.0,51.06,48.03,-12.03,11.68,4.07,139,269
14,bundesliga,Hoffenheim,2015,2016,34,9,10,15,39,54,37,39.55,35.01,60.41,58.89,-23.88,9.77,8.04,198,292
15,bundesliga,Eintracht Frankfurt,2015,2016,34,9,9,16,34,52,36,32.95,31.43,54.31,50.52,-19.09,10.25,8.14,170,237
16,bundesliga,VfB Stuttgart,2015,2016,34,9,6,19,50,75,33,57.7,54.67,65.06,61.25,-6.58,8.48,8.53,208,229
17,bundesliga,Hannover 96,2015,2016,34,7,4,23,31,62,25,32.43,30.16,63.58,58.27,-28.12,11.7,7.86,134,246
0,bundesliga,Bayern Munich,2016,2017,34,25,7,2,89,22,82,73.91,70.12,27.04,24.77,45.35,6.22,18.57,433,133
1,bundesliga,RasenBallsport Leipzig,2016,2017,34,20,7,7,66,39,67,55.09,52.06,40.06,36.27,15.79,6.98,9.03,251,171
2,bundesliga,Borussia Dortmund,2016,2017,34,18,10,6,72,40,64,74.91,69.6,34.61,33.09,36.51,7.32,11.95,316,163
3,bundesliga,Hoffenheim,2016,2017,34,16,14,4,64,37,62,54.5,50.72,41.44,39.04,11.68,8.9,10.57,186,212
4,bundesliga,FC Cologne,2016,2017,34,12,13,9,51,42,49,45.34,42.3,41.27,38.24,4.06,11.25,7.89,137,243
5,bundesliga,Hertha Berlin,2016,2017,34,15,4,15,43,47,49,38.15,34.36,49.39,45.6,-11.24,11.25,10.38,166,237
6,bundesliga,Freiburg,2016,2017,34,14,6,14,42,60,48,39.41,33.22,54.62,50.07,-16.86,12.39,8.56,186,232
7,bundesliga,Werder Bremen,2016,2017,34,13,6,15,61,64,45,42.99,38.45,60.55,52.97,-14.52,11.72,7.16,213,236
8,bundesliga,Borussia M.Gladbach,2016,2017,34,12,9,13,45,49,45,45.82,42.78,44.44,40.65,2.13,10.49,11.66,211,218
9,bundesliga,Schalke 04,2016,2017,34,11,10,13,45,40,43,44.86,41.82,43.87,36.21,5.62,8.87,10.04,182,211
10,bundesliga,Eintracht Frankfurt,2016,2017,34,11,9,14,36,43,42,43.59,39.01,38.33,35.3,3.71,7.84,9.47,171,164
11,bundesliga,Bayer Leverkusen,2016,2017,34,11,8,15,53,55,41,53.1,46.28,50.38,48.11,-1.82,7.69,9.12,287,173
12,bundesliga,Augsburg,2016,2017,34,9,11,14,35,51,38,33.88,30.85,52.26,48.47,-17.62,10.84,7.68,100,248
13,bundesliga,Hamburger SV,2016,2017,34,10,8,16,33,61,38,31.91,30.31,57.14,51.07,-20.75,8.63,5.87,164,215
14,bundesliga,Mainz 05,2016,2017,34,10,7,17,44,55,37,42.36,37.06,43.23,40.2,-3.14,8.55,6.89,164,189
15,bundesliga,Wolfsburg,2016,2017,34,10,7,17,34,52,37,44.47,42.19,46.85,43.06,-0.87,10.16,9.78,168,174
16,bundesliga,Ingolstadt,2016,2017,34,8,8,18,36,57,32,44.51,38.45,49.19,43.1,-4.65,7.8,6.64,224,177
17,bundesliga,Darmstadt,2016,2017,34,7,4,23,28,63,25,33.91,28.6,68.04,61.98,-33.37,12.91,6.67,129,292
0,bundesliga,Bayern Munich,2017,2018,34,27,3,4,92,28,84,76.55,70.49,30.64,27.32,43.17,7.79,18.33,375,117
1,bundesliga,Schalke 04,2017,2018,34,18,9,7,53,37,63,46.83,39.25,39.42,34.86,4.39,8.99,8.93,150,168
2,bundesliga,Hoffenheim,2017,2018,34,15,10,9,66,48,55,50.72,46.78,45.2,42.16,4.62,10.71,10.83,251,202
3,bundesliga,Borussia Dortmund,2017,2018,34,15,10,9,64,47,55,66.1,61.55,40.86,38.58,22.97,7.48,13.34,289,172
4,bundesliga,Bayer Leverkusen,2017,2018,34,15,10,9,58,44,55,56.98,53.19,36.92,32.37,20.82,9.31,10.22,274,171
5,bundesliga,RasenBallsport Leipzig,2017,2018,34,15,8,11,57,53,53,51.42,47.63,47.42,43.63,4.0,7.68,9.39,259,183
6,bundesliga,VfB Stuttgart,2017,2018,34,15,6,13,36,36,51,37.91,35.64,39.35,34.8,0.8300000000000001,10.93,10.49,148,204
7,bundesliga,Eintracht Frankfurt,2017,2018,34,14,7,13,45,45,49,41.06,39.54,40.91,38.64,0.91,9.12,9.5,193,160
8,bundesliga,Borussia M.Gladbach,2017,2018,34,13,8,13,47,52,47,51.25,45.94,52.09,49.06,-3.11,10.6,11.09,209,250
9,bundesliga,Hertha Berlin,2017,2018,34,10,13,11,43,46,43,38.58,34.79,44.71,39.41,-4.62,11.85,9.82,115,227
10,bundesliga,Werder Bremen,2017,2018,34,10,12,12,37,40,42,38.51,38.51,43.47,40.25,-1.74,10.95,9.62,186,195
11,bundesliga,Augsburg,2017,2018,34,10,11,13,43,46,41,42.26,39.23,40.82,38.54,0.6900000000000001,10.21,8.63,154,228
12,bundesliga,Hannover 96,2017,2018,34,10,9,15,44,54,39,41.22,37.29,54.36,51.33,-14.04,10.32,8.1,174,224
13,bundesliga,Mainz 05,2017,2018,34,9,9,16,38,52,36,31.65,28.62,45.18,39.88,-11.26,10.19,7.28,147,223
14,bundesliga,Freiburg,2017,2018,34,8,12,14,32,56,36,36.98,29.4,45.66,41.87,-12.47,12.11,8.52,165,204
15,bundesliga,Wolfsburg,2017,2018,34,6,15,13,36,48,33,32.11,27.36,49.43,42.46,-15.1,12.39,9.75,139,237
16,bundesliga,Hamburger SV,2017,2018,34,8,7,19,29,53,31,36.04,32.1,54.06,51.03,-18.92,8.49,7.88,190,216
17,bundesliga,FC Cologne,2017,2018,34,5,7,22,35,70,22,41.5,39.23,67.17,60.35,-21.12,11.38,9.72,208,245
0,bundesliga,Bayern Munich,2018,2019,34,24,6,4,88,32,78,92.24,89.21,27.41,22.87,66.34,8.16,22.59,435,89
1,bundesliga,Borussia Dortmund,2018,2019,34,23,7,4,81,44,76,64.99,61.96,42.88,39.09,22.88,13.42,14.03,268,159
2,bundesliga,RasenBallsport Leipzig,2018,2019,34,19,9,6,63,29,66,68.25,62.94,39.65,35.11,27.84,9.77,9.27,245,160
3,bundesliga,Bayer Leverkusen,2018,2019,34,18,4,12,69,52,58,61.49,57.7,45.71,41.16,16.54,9.39,14.16,288,165
4,bundesliga,Borussia M.Gladbach,2018,2019,34,16,7,11,55,42,55,54.93,49.52,52.87,50.6,-1.08,15.15,16.59,237,227
5,bundesliga,Wolfsburg,2018,2019,34,16,7,11,62,50,55,49.49,45.7,49.84,45.19,0.51,9.47,12.18,181,182
6,bundesliga,Eintracht Frankfurt,2018,2019,34,15,9,10,60,48,54,61.84,58.81,51.02,50.26,8.55,10.52,10.12,178,217
7,bundesliga,Werder Bremen,2018,2019,34,14,11,9,58,49,53,49.36,46.33,56.71,52.92,-6.59,10.86,13.62,233,206
8,bundesliga,Hoffenheim,2018,2019,34,13,12,9,70,52,51,79.95,74.65,53.29,47.98,26.67,8.72,12.53,308,239
9,bundesliga,Fortuna Duesseldorf,2018,2019,34,13,5,16,49,65,44,49.47,44.17,63.06,57.76,-13.59,15.67,9.48,163,223
10,bundesliga,Hertha Berlin,2018,2019,34,11,10,13,49,57,43,50.52,47.49,61.58,57.04,-9.55,11.2,11.21,194,252
11,bundesliga,Mainz 05,2018,2019,34,12,7,15,46,57,43,49.21,46.94,62.8,59.77,-12.83,12.68,9.65,211,244
12,bundesliga,Freiburg,2018,2019,34,8,12,14,46,61,36,41.23,36.58,61.43,56.12,-19.54,13.87,10.06,141,249
13,bundesliga,Schalke 04,2018,2019,34,8,9,17,37,55,33,46.62,39.8,51.94,47.39,-7.59,11.05,8.61,168,184
14,bundesliga,Augsburg,2018,2019,34,8,8,18,51,71,32,47.44,43.65,63.79,62.17,-18.52,10.89,10.33,182,266
15,bundesliga,VfB Stuttgart,2018,2019,34,7,7,20,32,70,28,37.38,36.62,62.7,60.42,-23.81,13.19,10.5,153,260
16,bundesliga,Hannover 96,2018,2019,34,5,6,23,31,71,21,34.81,32.54,73.12,67.82,-35.28,11.49,9.01,157,309
17,bundesliga,Nuernberg,2018,2019,34,3,10,21,26,68,19,35.37,30.83,54.8,51.77,-20.94,18.19,8.99,148,259
0,bundesliga,Bayern Munich,2019,2020,34,26,4,4,100,32,82,92.85,88.3,36.47,33.44,54.86,7.84,19.19,407,119
1,bundesliga,Borussia Dortmund,2019,2020,34,21,6,7,84,41,69,64.26,62.75,42.02,39.75,22.99,11.7,16.94,297,135
2,bundesliga,RasenBallsport Leipzig,2019,2020,34,18,12,4,81,37,66,76.13,72.34,37.58,36.07,36.27,10.55,12.83,303,157
3,bundesliga,Borussia M.Gladbach,2019,2020,34,20,5,9,66,40,65,73.58,69.01,46.05,44.54,24.47,10.82,11.55,232,166
4,bundesliga,Bayer Leverkusen,2019,2020,34,19,6,9,61,44,63,61.88,60.37,49.68,48.16,12.21,7.69,14.98,230,158
5,bundesliga,Hoffenheim,2019,2020,34,15,7,12,53,53,52,56.66,53.63,58.75,52.69,0.94,12.35,12.56,201,230
6,bundesliga,Wolfsburg,2019,2020,34,13,10,11,48,46,49,54.43,51.4,41.91,38.12,13.28,9.6,9.45,192,171
7,bundesliga,Freiburg,2019,2020,34,13,9,12,48,47,48,46.14,41.59,63.37,60.31,-18.72,14.76,11.28,158,258
8,bundesliga,Eintracht Frankfurt,2019,2020,34,13,6,15,59,60,45,58.33,56.82,50.93,48.65,8.17,9.59,11.99,188,166
9,bundesliga,Hertha Berlin,2019,2020,34,11,8,15,48,59,41,44.3,42.03,55.58,50.27,-8.25,13.08,11.05,151,241
10,bundesliga,Union Berlin,2019,2020,34,12,5,17,41,58,41,41.58,37.79,54.94,51.91,-14.12,12.44,8.64,119,216
11,bundesliga,Schalke 04,2019,2020,34,9,12,13,38,58,39,35.93,34.41,54.22,49.68,-15.27,9.97,9.5,194,180
12,bundesliga,Mainz 05,2019,2020,34,11,4,19,44,65,37,46.19,43.92,62.9,59.11,-15.19,12.5,8.27,181,242
13,bundesliga,Augsburg,2019,2020,34,9,9,16,45,63,36,43.86,40.07,59.12,58.36,-18.29,15.83,7.93,133,223
14,bundesliga,FC Cologne,2019,2020,34,10,6,18,51,69,36,49.28,46.25,54.54,50.0,-3.75,10.65,9.34,167,226
15,bundesliga,Werder Bremen,2019,2020,34,8,7,19,42,69,31,37.74,33.19,56.94,56.18,-22.99,11.75,10.31,186,205
16,bundesliga,Fortuna Duesseldorf,2019,2020,34,6,12,16,36,67,30,35.69,32.66,64.45,60.66,-28.0,14.72,11.14,143,207
17,bundesliga,Paderborn,2019,2020,34,4,8,22,37,74,20,38.47,35.43,67.83,64.04,-28.61,12.53,8.74,113,295
0,bundesliga,Bayern Munich,2020,2021,34,24,6,4,99,44,78,75.93,68.35,38.87,36.6,31.75,8.05,16.21,424,157
1,bundesliga,RasenBallsport Leipzig,2020,2021,34,19,8,7,60,32,65,67.14,59.57,29.24,26.96,32.6,8.36,14.1,335,129
2,bundesliga,Borussia Dortmund,2020,2021,34,20,4,10,75,46,64,68.95,63.59,39.44,34.89,28.7,9.84,16.3,398,152
3,bundesliga,Wolfsburg,2020,2021,34,17,10,7,61,37,61,51.59,49.32,39.16,35.26,14.06,9.42,11.51,252,174
4,bundesliga,Eintracht Frankfurt,2020,2021,34,16,12,6,69,53,60,60.53,54.46,47.73,43.06,11.41,8.83,12.66,242,219
5,bundesliga,Bayer Leverkusen,2020,2021,34,14,10,10,53,39,52,47.28,45.0,40.41,38.85,6.15,9.37,14.97,228,172
6,bundesliga,Union Berlin,2020,2021,34,12,14,8,50,43,50,46.0,40.56,43.51,39.72,0.85,15.81,11.62,136,189
7,bundesliga,Borussia M.Gladbach,2020,2021,34,13,10,11,64,56,49,54.11,45.77,44.71,40.17,5.61,11.64,12.93,228,213
8,bundesliga,VfB Stuttgart,2020,2021,34,12,9,13,56,55,45,52.18,46.01,53.79,48.49,-2.48,10.72,9.95,220,275
9,bundesliga,Freiburg,2020,2021,34,12,9,13,52,52,45,45.11,40.57,52.98,48.43,-7.86,12.65,11.94,151,218
10,bundesliga,Hoffenheim,2020,2021,34,11,10,13,52,54,43,50.32,45.78,52.88,46.06,-0.28,11.08,12.45,243,218
11,bundesliga,Mainz 05,2020,2021,34,10,9,15,39,56,39,48.46,44.67,52.2,47.07,-2.39,12.6,8.44,192,219
12,bundesliga,Augsburg,2020,2021,34,10,6,18,36,54,36,36.01,32.23,57.15,50.33,-18.1,15.26,8.29,115,290
13,bundesliga,Hertha Berlin,2020,2021,34,8,11,15,41,52,35,40.71,36.17,46.69,40.63,-4.46,10.84,10.89,170,208
14,bundesliga,Arminia Bielefeld,2020,2021,34,9,8,17,26,52,35,31.14,29.6,58.98,54.44,-24.83,14.08,10.54,163,278
15,bundesliga,FC Cologne,2020,2021,34,8,9,17,34,60,33,39.64,35.09,53.18,46.23,-11.14,14.07,10.31,144,252
16,bundesliga,Werder Bremen,2020,2021,34,7,10,17,36,57,31,32.51,28.72,53.7,48.92,-20.2,14.56,9.05,134,250
17,bundesliga,Schalke 04,2020,2021,34,3,7,24,25,86,16,27.66,25.21,70.66,64.58,-39.36,13.52,7.85,135,297
0,bundesliga,Bayern Munich,2021,2022,34,24,5,5,97,37,77,99.91,96.12,38.61,37.09,59.02,7.88,16.92,522,162
1,bundesliga,Borussia Dortmund,2021,2022,34,22,3,9,85,52,69,65.65,57.31,47.67,43.13,14.18,10.06,14.4,306,198
2,bundesliga,Bayer Leverkusen,2021,2022,34,19,7,8,80,47,64,66.31,61.77,45.02,41.98,19.78,11.93,11.9,283,232
3,bundesliga,RasenBallsport Leipzig,2021,2022,34,17,7,10,72,37,58,67.4,60.58,44.38,42.1,18.47,11.06,13.13,357,166
4,bundesliga,Union Berlin,2021,2022,34,16,9,9,50,44,57,55.2,51.41,39.83,38.31,13.1,14.33,11.23,173,177
5,bundesliga,Freiburg,2021,2022,34,15,10,9,58,46,55,57.73,53.12,49.08,47.57,5.55,11.6,11.43,241,247
6,bundesliga,FC Cologne,2021,2022,34,14,10,10,52,49,52,52.3,51.54,53.09,52.33,-0.79,7.39,10.4,231,208
7,bundesliga,Mainz 05,2021,2022,34,13,7,14,50,45,46,52.08,49.05,43.41,38.86,10.19,9.85,9.61,223,182
8,bundesliga,Hoffenheim,2021,2022,34,13,7,14,58,60,46,59.77,59.77,57.27,54.17,5.6,11.49,14.6,269,176
9,bundesliga,Borussia M.Gladbach,2021,2022,34,12,9,13,54,61,45,59.92,54.62,60.71,56.92,-2.31,11.02,11.27,250,206
10,bundesliga,Eintracht Frankfurt,2021,2022,34,10,12,12,45,49,42,41.65,40.13,54.38,51.35,-11.22,10.06,12.38,164,266
11,bundesliga,Wolfsburg,2021,2022,34,12,6,16,43,54,42,49.27,46.24,53.48,48.15,-1.91,10.98,10.57,197,236
12,bundesliga,Bochum,2021,2022,34,12,6,16,38,52,42,44.78,40.24,58.18,52.12,-11.88,10.8,9.72,131,267
13,bundesliga,Augsburg,2021,2022,34,10,8,16,39,56,38,38.95,35.16,65.02,61.23,-26.07,12.86,8.07,160,268
14,bundesliga,VfB Stuttgart,2021,2022,34,7,12,15,41,59,33,47.91,45.61,55.46,52.43,-6.82,11.66,10.91,195,248
15,bundesliga,Hertha Berlin,2021,2022,34,9,6,19,37,71,33,37.89,35.62,58.79,52.73,-17.11,14.0,7.45,130,264
16,bundesliga,Arminia Bielefeld,2021,2022,34,5,13,16,27,53,28,27.22,25.71,69.67,64.36,-38.65,13.7,9.28,158,336
17,bundesliga,Greuther Fuerth,2021,2022,34,3,9,22,28,82,18,30.64,26.85,60.54,56.0,-29.15,12.28,8.89,108,259
0,la liga,Sevilla,2013,2014,0,0,0,0,0,0,0,0.0,0.0,0.0,0.0,0.0,0.0,0.0,0,0
1,la liga,Real Sociedad,2013,2014,0,0,0,0,0,0,0,0.0,0.0,0.0,0.0,0.0,0.0,0.0,0,0
2,la liga,Espanyol,2013,2014,0,0,0,0,0,0,0,0.0,0.0,0.0,0.0,0.0,0.0,0.0,0,0
3,la liga,Getafe,2013,2014,0,0,0,0,0,0,0,0.0,0.0,0.0,0.0,0.0,0.0,0.0,0,0
4,la liga,Atletico Madrid,2013,2014,0,0,0,0,0,0,0,0.0,0.0,0.0,0.0,0.0,0.0,0.0,0,0
5,la liga,Rayo Vallecano,2013,2014,0,0,0,0,0,0,0,0.0,0.0,0.0,0.0,0.0,0.0,0.0,0,0
6,la liga,Valencia,2013,2014,0,0,0,0,0,0,0,0.0,0.0,0.0,0.0,0.0,0.0,0.0,0,0
7,la liga,Athletic Club,2013,2014,0,0,0,0,0,0,0,0.0,0.0,0.0,0.0,0.0,0.0,0.0,0,0
8,la liga,Barcelona,2013,2014,0,0,0,0,0,0,0,0.0,0.0,0.0,0.0,0.0,0.0,0.0,0,0
9,la liga,Real Madrid,2013,2014,0,0,0,0,0,0,0,0.0,0.0,0.0,0.0,0.0,0.0,0.0,0,0
10,la liga,Celta Vigo,2013,2014,0,0,0,0,0,0,0,0.0,0.0,0.0,0.0,0.0,0.0,0.0,0,0
11,la liga,Real Betis,2013,2014,0,0,0,0,0,0,0,0.0,0.0,0.0,0.0,0.0,0.0,0.0,0,0
12,la liga,Villarreal,2013,2014,0,0,0,0,0,0,0,0.0,0.0,0.0,0.0,0.0,0.0,0.0,0,0
13,la liga,Osasuna,2013,2014,0,0,0,0,0,0,0,0.0,0.0,0.0,0.0,0.0,0.0,0.0,0,0
14,la liga,Elche,2013,2014,0,0,0,0,0,0,0,0.0,0.0,0.0,0.0,0.0,0.0,0.0,0,0
15,la liga,Almeria,2013,2014,0,0,0,0,0,0,0,0.0,0.0,0.0,0.0,0.0,0.0,0.0,0,0
16,la liga,Girona,2013,2014,0,0,0,0,0,0,0,0.0,0.0,0.0,0.0,0.0,0.0,0.0,0,0
17,la liga,Real Valladolid,2013,2014,0,0,0,0,0,0,0,0.0,0.0,0.0,0.0,0.0,0.0,0.0,0,0
18,la liga,Mallorca,2013,2014,0,0,0,0,0,0,0,0.0,0.0,0.0,0.0,0.0,0.0,0.0,0,0
19,la liga,Cadiz,2013,2014,0,0,0,0,0,0,0,0.0,0.0,0.0,0.0,0.0,0.0,0.0,0,0
0,la liga,Barcelona,2014,2015,38,30,4,4,110,21,94,102.98,97.78,28.44,24.73,73.05,5.5600000000000005,13.86,489,114
1,la liga,Real Madrid,2014,2015,38,30,2,6,118,38,92,95.77,86.1,42.61,38.89,47.21,9.62,11.72,351,153
2,la liga,Atletico Madrid,2014,2015,38,23,9,6,67,29,78,57.05,52.59,29.07,26.84,25.75,8.27,8.44,197,123
3,la liga,Valencia,2014,2015,38,22,11,5,70,32,77,55.06,49.7,39.39,33.45,16.26,8.16,7.52,203,172
4,la liga,Sevilla,2014,2015,38,23,7,8,71,45,76,69.53,62.09,47.86,41.92,20.18,7.91,8.71,305,168
5,la liga,Villarreal,2014,2015,38,16,12,10,48,37,60,56.77,55.28,40.7,38.47,16.81,8.9,8.08,242,171
6,la liga,Athletic Club,2014,2015,38,15,10,13,42,41,55,45.54,41.83,44.11,41.74,0.09,7.26,8.75,183,171
7,la liga,Celta Vigo,2014,2015,38,13,12,13,47,44,51,58.89,54.43,51.78,46.57,7.85,5.93,10.27,287,207
8,la liga,Malaga,2014,2015,38,14,8,16,42,48,50,46.22,40.88,54.13,49.52,-8.64,7.37,6.69,184,184
9,la liga,Espanyol,2014,2015,38,13,10,15,47,51,49,43.98,41.01,48.3,47.56,-6.55,8.6,6.53,173,205
10,la liga,Rayo Vallecano,2014,2015,38,15,4,19,46,68,49,47.79,45.56,70.43,65.97,-20.41,5.87,9.09,147,219
11,la liga,Real Sociedad,2014,2015,38,11,13,14,44,51,46,33.49,31.26,51.16,46.54,-15.28,8.14,8.04,146,168
12,la liga,Elche,2014,2015,38,11,8,19,35,62,41,39.61,34.27,58.07,51.38,-17.12,9.13,8.06,107,216
13,la liga,Getafe,2014,2015,38,10,7,21,33,64,37,33.97,32.48,53.67,47.73,-15.25,9.36,6.79,114,221
14,la liga,Levante,2014,2015,38,9,10,19,34,67,37,35.3,32.33,60.27,54.18,-21.85,11.33,6.96,97,224
15,la liga,Eibar,2014,2015,38,9,8,21,34,55,35,29.56,28.07,53.72,50.0,-21.93,9.39,7.46,106,225
16,la liga,Deportivo La Coruna,2014,2015,38,7,14,17,35,60,35,37.87,32.51,50.98,46.52,-14.01,8.46,7.48,133,188
17,la liga,Granada,2014,2015,38,7,14,17,29,64,35,37.39,32.93,54.28,51.31,-18.38,7.9,6.95,117,206
18,la liga,Almeria,2014,2015,38,8,8,22,35,64,32,38.67,34.21,58.87,57.38,-23.17,8.23,5.91,136,220
19,la liga,Cordoba,2014,2015,38,3,11,24,22,68,20,29.76,27.53,57.34,52.14,-24.6,10.32,7.16,91,253
0,la liga,Barcelona,2015,2016,38,29,4,5,112,29,91,113.6,99.48,34.03,33.29,66.19,5.66,13.68,570,163
1,la liga,Real Madrid,2015,2016,38,28,6,4,110,34,90,90.45,83.76,45.23,42.26,41.5,8.86,12.62,404,211
2,la liga,Atletico Madrid,2015,2016,38,28,4,6,63,18,88,54.93,53.44,27.8,27.05,26.39,8.42,8.49,261,170
3,la liga,Villarreal,2015,2016,38,18,10,10,44,35,64,40.49,38.26,41.63,39.4,-1.14,9.35,8.33,188,215
4,la liga,Athletic Club,2015,2016,38,18,8,12,58,45,62,53.9,50.04,45.33,40.12,9.92,7.61,9.17,221,174
5,la liga,Celta Vigo,2015,2016,38,17,9,12,51,59,60,50.2,46.49,51.98,48.27,-1.78,6.21,9.87,321,245
6,la liga,Sevilla,2015,2016,38,14,10,14,51,50,52,62.97,57.77,46.09,43.86,13.91,7.88,8.35,296,216
7,la liga,Malaga,2015,2016,38,12,12,14,38,35,48,45.75,42.78,45.25,43.77,-0.99,7.29,7.07,196,191
8,la liga,Real Sociedad,2015,2016,38,13,9,16,45,48,48,47.95,47.2,48.04,42.82,4.38,7.63,8.08,185,183
9,la liga,Real Betis,2015,2016,38,11,12,15,34,52,45,40.11,37.14,64.39,63.65,-26.51,9.22,6.42,152,283
10,la liga,Valencia,2015,2016,38,11,11,16,46,48,44,50.51,46.64,61.69,58.59,-11.95,8.54,6.92,203,250
11,la liga,Las Palmas,2015,2016,38,12,8,18,45,53,44,38.68,34.95,59.24,56.26,-21.31,9.15,8.48,228,250
12,la liga,Eibar,2015,2016,38,11,10,17,49,61,43,52.92,46.84,50.58,47.45,-0.61,7.62,7.23,191,218
13,la liga,Espanyol,2015,2016,38,12,7,19,40,74,43,46.09,43.86,60.84,56.38,-12.52,7.97,6.89,186,219
14,la liga,Deportivo La Coruna,2015,2016,38,8,18,12,45,61,42,43.75,43.0,52.37,49.4,-6.4,10.25,8.42,166,240
15,la liga,Sporting Gijon,2015,2016,38,10,9,19,40,62,39,42.57,40.98,60.62,53.04,-12.06,10.51,6.53,132,265
16,la liga,Granada,2015,2016,38,10,9,19,46,69,39,41.35,36.15,62.37,58.66,-22.51,8.45,6.8100000000000005,117,268
17,la liga,Rayo Vallecano,2015,2016,38,9,11,18,52,73,38,52.26,49.89,65.09,58.4,-8.51,6.39,8.76,157,240
18,la liga,Getafe,2015,2016,38,9,9,20,37,67,36,41.77,40.29,63.35,55.78,-15.49,9.38,6.91,159,229
19,la liga,Levante,2015,2016,38,8,8,22,37,70,32,39.22,37.74,63.55,58.24,-20.51,9.7,7.05,169,272
0,la liga,Real Madrid,2016,2017,38,29,6,3,106,41,93,90.87,84.92,36.86,33.89,51.03,9.14,12.01,333,173
1,la liga,Barcelona,2016,2017,38,28,6,4,116,37,90,93.55,86.86,31.32,31.32,55.55,6.31,12.63,552,144
2,la liga,Atletico Madrid,2016,2017,38,23,9,6,70,27,78,60.66,54.53,31.34,28.36,26.17,9.57,8.39,265,168
3,la liga,Sevilla,2016,2017,38,21,9,8,69,49,72,59.09,55.27,38.7,34.87,20.4,6.76,9.78,338,201
4,la liga,Villarreal,2016,2017,38,19,10,9,56,33,67,52.23,46.28,43.16,38.7,7.58,10.45,9.93,268,260
5,la liga,Real Sociedad,2016,2017,38,19,7,12,59,53,64,45.58,39.64,43.71,38.38,1.26,6.93,10.3,229,168
6,la liga,Athletic Club,2016,2017,38,19,6,13,53,43,63,51.08,45.14,40.46,37.97,7.17,7.73,9.1,233,167
7,la liga,Espanyol,2016,2017,38,15,11,12,49,50,56,32.55,29.58,38.35,36.86,-7.28,10.87,7.6,117,254
8,la liga,Alaves,2016,2017,38,14,13,11,41,43,55,42.6,39.63,43.97,39.51,0.12,10.79,7.43,110,248
9,la liga,Eibar,2016,2017,38,15,9,14,56,51,54,42.98,36.89,45.17,40.71,-3.82,7.55,9.17,157,218
10,la liga,Malaga,2016,2017,38,12,10,16,49,55,46,40.37,36.53,47.35,42.15,-5.61,8.57,7.93,167,198
11,la liga,Valencia,2016,2017,38,13,7,18,56,65,46,50.34,45.88,50.96,41.16,4.72,9.17,8.19,174,230
12,la liga,Celta Vigo,2016,2017,38,13,6,19,53,69,45,40.48,35.28,55.98,48.53,-13.26,8.46,9.79,206,241
13,la liga,Las Palmas,2016,2017,38,10,9,19,53,74,39,40.8,36.34,58.39,50.22,-13.88,9.0,9.34,270,211
14,la liga,Real Betis,2016,2017,38,10,9,19,41,64,39,35.72,34.23,48.27,44.45,-10.22,8.35,7.99,181,217
15,la liga,Deportivo La Coruna,2016,2017,38,8,12,18,43,61,36,41.0,35.66,48.6,46.37,-10.71,9.42,8.41,103,232
16,la liga,Leganes,2016,2017,38,8,11,19,36,55,35,33.19,30.22,46.39,41.01,-10.79,8.52,7.09,165,164
17,la liga,Sporting Gijon,2016,2017,38,7,10,21,42,72,31,36.35,31.0,64.43,57.74,-26.74,9.13,7.48,201,247
18,la liga,Osasuna,2016,2017,38,4,10,24,40,94,22,33.13,28.67,64.82,58.14,-29.47,10.37,6.43,136,270
19,la liga,Granada,2016,2017,38,4,8,26,30,82,20,29.69,28.84,74.03,71.05,-42.21,10.7,7.74,113,307
0,la liga,Barcelona,2017,2018,38,28,9,1,99,29,93,90.49,86.77,41.62,40.13,46.64,8.37,12.54,528,188
1,la liga,Atletico Madrid,2017,2018,38,23,10,5,58,22,79,50.29,46.57,35.48,32.51,14.06,9.54,9.27,257,233
2,la liga,Real Madrid,2017,2018,38,22,10,6,94,44,76,91.29,83.7,45.1,42.12,41.58,8.91,13.27,453,188
3,la liga,Valencia,2017,2018,38,22,7,9,65,38,73,57.76,51.82,47.89,44.17,7.64,10.13,8.25,234,250
4,la liga,Villarreal,2017,2018,38,18,7,13,57,50,61,55.67,51.95,54.24,48.29,3.66,9.11,10.81,230,257
5,la liga,Real Betis,2017,2018,38,18,6,14,60,61,60,46.72,44.49,49.76,46.62,-2.14,9.13,11.9,183,236
6,la liga,Sevilla,2017,2018,38,17,7,14,49,58,58,61.49,57.77,54.03,48.09,9.69,8.51,10.86,350,233
7,la liga,Getafe,2017,2018,38,15,10,13,42,33,55,49.03,39.95,39.65,36.68,3.27,9.16,5.35,189,208
8,la liga,Eibar,2017,2018,38,14,9,15,44,50,51,41.42,39.19,45.53,42.56,-3.36,7.33,10.69,149,168
9,la liga,Girona,2017,2018,38,14,9,15,50,59,51,52.1,46.15,51.6,47.89,-1.74,9.0,8.45,137,236
10,la liga,Real Sociedad,2017,2018,38,14,7,17,66,59,49,56.35,52.63,51.13,44.9,7.73,9.32,11.31,243,195
11,la liga,Celta Vigo,2017,2018,38,13,10,15,59,60,49,54.59,52.36,57.68,53.97,-1.61,9.84,10.99,250,274
12,la liga,Espanyol,2017,2018,38,12,13,13,36,42,49,41.58,39.18,53.37,48.91,-9.73,10.44,8.95,175,219
13,la liga,Alaves,2017,2018,38,15,2,21,40,50,47,37.88,35.65,58.2,50.77,-15.12,11.2,6.44,134,277
14,la liga,Levante,2017,2018,38,11,13,14,44,58,46,44.2,40.49,65.12,60.66,-20.17,11.51,7.21,179,283
15,la liga,Athletic Club,2017,2018,38,10,13,15,41,49,43,51.79,45.84,50.71,46.25,-0.41,8.32,9.56,208,204
16,la liga,Leganes,2017,2018,38,12,7,19,34,51,43,39.26,37.03,48.77,43.56,-6.54,10.16,7.04,145,186
17,la liga,Deportivo La Coruna,2017,2018,38,6,11,21,38,76,29,49.78,46.06,60.87,57.16,-11.1,10.28,8.66,217,277
18,la liga,Las Palmas,2017,2018,38,5,7,26,24,74,22,37.88,31.93,74.43,70.71,-38.78,8.66,8.59,215,230
19,la liga,Malaga,2017,2018,38,5,5,28,24,61,20,35.88,31.29,60.24,54.88,-23.59,9.9,7.82,122,256
0,la liga,Barcelona,2018,2019,38,26,9,3,90,36,87,83.28,76.58,44.93,43.44,33.14,8.43,15.24,417,171
1,la liga,Atletico Madrid,2018,2019,38,22,10,6,55,29,76,51.87,48.73,41.43,37.72,11.01,10.3,10.29,252,190
2,la liga,Real Madrid,2018,2019,38,21,5,12,63,46,68,68.65,61.97,48.68,42.73,19.24,8.67,13.52,341,168
3,la liga,Valencia,2018,2019,38,15,16,7,51,35,61,61.88,56.57,42.85,36.91,19.66,12.08,9.03,278,215
4,la liga,Sevilla,2018,2019,38,17,8,13,62,47,59,69.16,64.54,46.71,41.51,23.03,10.08,9.5,321,211
5,la liga,Getafe,2018,2019,38,15,14,9,48,35,59,47.03,42.58,44.23,39.02,3.56,8.57,5.38,186,196
6,la liga,Espanyol,2018,2019,38,14,11,13,48,50,53,50.16,47.18,54.62,48.55,-1.36,9.31,9.26,241,241
7,la liga,Athletic Club,2018,2019,38,13,14,11,41,45,53,44.44,38.92,47.16,43.44,-4.53,7.97,10.54,221,185
8,la liga,Real Sociedad,2018,2019,38,13,11,14,45,46,50,47.99,40.55,48.09,45.68,-5.13,9.36,9.19,194,208
9,la liga,Real Betis,2018,2019,38,14,8,16,44,52,50,51.68,46.35,53.54,49.83,-3.48,8.12,11.34,241,220
10,la liga,Alaves,2018,2019,38,13,11,14,39,50,50,40.87,38.64,54.53,50.07,-11.43,10.51,6.72,129,270
11,la liga,Eibar,2018,2019,38,11,14,13,46,50,47,56.63,50.69,47.88,44.91,5.78,6.83,10.26,235,177
12,la liga,Leganes,2018,2019,38,11,12,15,37,43,45,41.25,37.53,43.94,40.8,-3.26,11.51,9.22,155,190
13,la liga,Villarreal,2018,2019,38,10,14,14,49,52,44,54.8,50.33,56.12,52.4,-2.08,9.89,10.46,232,263
14,la liga,Levante,2018,2019,38,11,11,16,59,66,44,54.09,48.89,78.86,72.01,-23.13,9.61,6.58,206,295
15,la liga,Celta Vigo,2018,2019,38,10,11,17,53,62,41,48.7,43.5,63.43,58.23,-14.73,10.35,10.89,195,248
16,la liga,Real Valladolid,2018,2019,38,10,11,17,32,51,41,41.64,36.44,57.65,50.83,-14.39,10.17,8.55,139,243
17,la liga,Girona,2018,2019,38,9,10,19,37,53,37,42.99,38.53,55.33,49.39,-10.86,10.08,9.44,177,261
18,la liga,SD Huesca,2018,2019,38,7,12,19,43,65,33,51.38,46.18,63.43,56.74,-10.56,9.59,7.68,171,259
19,la liga,Rayo Vallecano,2018,2019,38,8,8,22,41,70,32,47.23,43.52,62.32,54.0,-10.48,9.2,6.99,133,253
0,la liga,Real Madrid,2019,2020,38,26,9,3,70,25,87,72.16,63.98,33.15,31.66,32.32,8.92,13.35,334,127
1,la liga,Barcelona,2019,2020,38,25,7,6,86,38,82,72.01,67.55,37.82,32.62,34.93,7.97,16.08,440,146
2,la liga,Atletico Madrid,2019,2020,38,18,16,4,51,27,70,58.7,52.74,31.52,28.54,24.2,9.47,9.89,264,162
3,la liga,Sevilla,2019,2020,38,19,13,6,54,34,70,55.16,49.95,36.62,33.63,16.32,7.95,11.37,238,148
4,la liga,Villarreal,2019,2020,38,18,6,14,63,49,60,65.61,57.43,48.59,41.83,15.6,9.72,11.57,218,228
5,la liga,Real Sociedad,2019,2020,38,16,8,14,56,48,56,50.92,47.2,41.89,35.2,12.0,8.27,11.34,231,192
6,la liga,Granada,2019,2020,38,16,8,14,52,45,56,45.02,41.31,43.44,39.72,1.58,9.64,7.25,135,197
7,la liga,Getafe,2019,2020,38,14,12,12,43,37,54,45.19,39.89,43.02,38.56,1.32,6.97,6.0,176,119
8,la liga,Valencia,2019,2020,38,14,11,13,46,53,53,45.58,39.63,59.07,52.38,-12.75,13.27,9.85,217,262
9,la liga,Osasuna,2019,2020,38,13,13,12,46,54,52,49.04,43.09,49.58,45.86,-2.77,8.57,7.99,197,191
10,la liga,Athletic Club,2019,2020,38,13,12,13,41,38,51,42.1,34.6,52.42,47.22,-12.62,9.32,9.77,122,205
11,la liga,Levante,2019,2020,38,14,7,17,47,53,49,49.43,45.71,64.25,58.89,-13.18,11.12,8.28,177,273
12,la liga,Real Valladolid,2019,2020,38,9,15,14,32,43,42,35.66,31.04,53.94,47.99,-16.95,11.93,7.61,109,226
13,la liga,Eibar,2019,2020,38,11,9,18,39,56,42,42.35,34.75,54.33,49.72,-14.96,8.87,8.69,141,197
14,la liga,Real Betis,2019,2020,38,10,11,17,48,60,41,48.9,42.95,56.3,48.13,-5.18,9.67,10.51,236,216
15,la liga,Alaves,2019,2020,38,10,9,19,34,59,39,38.15,33.69,57.93,46.78,-13.09,11.27,7.24,130,220
16,la liga,Celta Vigo,2019,2020,38,7,16,15,37,49,37,40.44,33.75,44.83,41.11,-7.36,9.96,9.26,188,215
17,la liga,Leganes,2019,2020,38,8,12,18,30,51,36,38.92,35.15,45.62,40.42,-5.27,10.38,7.11,158,166
18,la liga,Mallorca,2019,2020,38,9,6,23,40,65,33,40.46,33.02,65.17,53.28,-20.25,12.22,7.25,131,309
19,la liga,Espanyol,2019,2020,38,5,10,23,27,58,25,37.0,34.03,53.28,47.92,-13.89,8.71,9.53,148,191
0,la liga,Atletico Madrid,2020,2021,38,26,8,4,67,25,86,57.66,52.31,35.67,32.7,19.61,10.32,12.38,310,165
1,la liga,Real Madrid,2020,2021,38,25,9,4,67,28,84,65.07,62.84,38.7,32.75,30.09,10.14,14.03,326,171
2,la liga,Barcelona,2020,2021,38,24,7,7,85,38,79,83.96,78.01,40.93,37.22,40.8,9.51,16.2,499,166
3,la liga,Sevilla,2020,2021,38,24,5,9,53,33,77,55.86,50.66,34.33,29.84,20.81,8.15,14.58,240,139
4,la liga,Real Sociedad,2020,2021,38,17,11,10,59,38,62,63.15,54.22,38.8,35.08,19.14,8.06,11.7,285,160
5,la liga,Real Betis,2020,2021,38,17,10,11,50,50,61,49.77,41.43,47.51,40.08,1.35,9.12,10.55,224,180
6,la liga,Villarreal,2020,2021,38,15,13,10,60,44,58,57.86,48.19,43.67,36.98,11.21,9.85,11.43,291,182
7,la liga,Celta Vigo,2020,2021,38,14,11,13,55,57,53,51.32,46.12,50.31,44.37,1.75,7.4,10.84,217,187
8,la liga,Athletic Club,2020,2021,38,11,13,14,46,42,46,43.06,39.35,38.46,34.0,5.34,9.75,9.8,202,197
9,la liga,Granada,2020,2021,38,13,7,18,47,65,46,41.05,37.34,59.82,50.61,-13.27,10.74,6.88,128,234
10,la liga,Osasuna,2020,2021,38,11,11,16,37,48,44,39.61,35.15,49.83,43.88,-8.74,10.91,8.73,172,243
11,la liga,Cadiz,2020,2021,38,11,11,16,36,58,44,36.7,33.73,58.91,51.48,-17.75,16.57,5.93,77,274
12,la liga,Valencia,2020,2021,38,10,13,15,50,53,43,41.89,34.46,55.69,49.74,-15.28,10.94,8.81,162,262
13,la liga,Levante,2020,2021,38,9,14,15,46,57,41,40.93,36.47,55.13,52.16,-15.69,9.47,10.22,221,245
14,la liga,Getafe,2020,2021,38,9,11,18,28,43,38,35.62,31.91,40.4,34.32,-2.42,8.81,6.43,134,155
15,la liga,Alaves,2020,2021,38,9,11,18,36,57,38,39.11,33.17,51.55,49.32,-16.15,12.25,7.88,119,212
16,la liga,Elche,2020,2021,38,8,12,18,34,55,36,30.4,28.17,61.63,54.2,-26.03,13.23,8.87,78,280
17,la liga,SD Huesca,2020,2021,38,7,13,18,34,53,34,37.98,35.0,48.64,44.92,-9.92,11.32,8.53,98,215
18,la liga,Real Valladolid,2020,2021,38,5,16,17,34,57,31,37.92,31.97,52.56,47.36,-15.39,10.57,7.97,134,243
19,la liga,Eibar,2020,2021,38,6,12,20,29,52,30,42.45,35.64,48.84,45.12,-9.48,8.99,10.58,149,156
0,la liga,Real Madrid,2021,2022,38,26,8,4,80,31,86,80.22,71.3,45.78,41.97,29.33,11.61,14.56,465,211
1,la liga,Barcelona,2021,2022,38,21,10,7,68,38,73,70.54,65.34,35.08,32.85,32.49,7.44,14.92,317,161
2,la liga,Atletico Madrid,2021,2022,38,21,8,9,65,43,71,59.45,55.73,35.77,29.82,25.91,10.96,11.06,265,135
3,la liga,Sevilla,2021,2022,38,18,16,4,53,30,70,46.85,44.62,40.6,37.62,7.0,8.84,13.76,192,184
4,la liga,Real Betis,2021,2022,38,19,8,11,62,40,65,55.9,51.44,46.79,44.56,6.89,9.46,10.89,273,191
5,la liga,Real Sociedad,2021,2022,38,17,11,10,40,37,62,56.09,48.65,41.51,37.05,11.6,8.7,11.25,268,189
6,la liga,Villarreal,2021,2022,38,16,11,11,63,37,59,70.33,65.87,47.89,44.18,21.7,8.83,11.02,324,165
7,la liga,Athletic Club,2021,2022,38,14,13,11,43,36,55,57.01,51.65,39.29,37.06,14.59,10.06,9.66,231,178
8,la liga,Valencia,2021,2022,38,11,15,12,48,53,48,42.28,35.5,52.24,46.16,-10.66,8.71,6.37,185,203
9,la liga,Osasuna,2021,2022,38,12,11,15,37,51,47,42.03,36.08,50.59,45.39,-9.3,9.79,10.38,174,233
10,la liga,Celta Vigo,2021,2022,38,12,10,16,43,43,46,44.94,40.23,46.12,40.07,0.15,7.63,11.09,230,196
11,la liga,Rayo Vallecano,2021,2022,38,11,9,18,39,50,42,47.03,44.06,52.15,45.46,-1.41,8.47,8.28,158,210
12,la liga,Elche,2021,2022,38,11,9,18,40,52,42,36.81,36.07,61.07,54.36,-18.28,12.42,8.81,143,235
13,la liga,Espanyol,2021,2022,38,10,12,16,40,53,42,38.9,35.18,57.12,53.4,-18.22,13.16,9.04,150,311
14,la liga,Getafe,2021,2022,38,8,15,15,33,41,39,31.55,27.71,44.49,41.52,-13.81,11.47,7.92,125,185
15,la liga,Cadiz,2021,2022,38,8,15,15,35,51,39,41.8,37.21,54.74,44.92,-7.71,12.71,8.24,147,261
16,la liga,Mallorca,2021,2022,38,10,9,19,36,63,39,40.58,35.38,56.14,50.07,-14.69,10.3,6.96,188,241
17,la liga,Granada,2021,2022,38,8,14,16,44,61,38,41.3,37.58,66.09,59.4,-21.82,10.67,8.3,141,279
18,la liga,Levante,2021,2022,38,8,11,19,51,76,35,57.56,47.77,62.61,58.15,-10.38,10.0,10.42,185,241
19,la liga,Alaves,2021,2022,38,8,7,23,31,65,31,38.46,33.26,63.57,56.63,-23.37,11.42,7.7,131,283
0,ligue 1,Paris Saint Germain,2013,2014,1,1,0,0,5,0,3,4.12,4.12,0.19,0.19,3.92,10.72,18.2,12,4
1,ligue 1,Lille,2013,2014,1,1,0,0,4,1,3,1.3,1.3,0.77,0.77,0.53,14.17,23.69,15,7
2,ligue 1,Marseille,2013,2014,1,1,0,0,4,1,3,2.77,2.77,0.68,0.68,2.09,6.96,15.4,7,8
3,ligue 1,Montpellier,2013,2014,1,1,0,0,3,2,3,1.58,1.58,1.84,1.08,0.49,9.87,14.44,6,2
4,ligue 1,Monaco,2013,2014,1,1,0,0,2,1,3,2.48,2.48,1.39,1.39,1.09,11.04,7.36,7,8
5,ligue 1,Lyon,2013,2014,1,1,0,0,2,1,3,1.86,1.1,1.14,0.38,0.72,10.69,13.84,5,3
6,ligue 1,Lorient,2013,2014,1,1,0,0,1,0,3,0.71,0.71,1.4,1.4,-0.7000000000000001,23.19,7.43,3,14
7,ligue 1,Lens,2013,2014,1,1,0,0,3,2,3,3.32,2.56,1.04,0.28,2.27,5.92,18.71,7,4
8,ligue 1,Angers,2013,2014,1,0,1,0,0,0,1,1.92,1.92,1.15,1.15,0.77,7.63,7.67,11,3
9,ligue 1,Nantes,2013,2014,1,0,1,0,0,0,1,1.15,1.15,1.92,1.92,-0.77,7.67,7.63,3,11
10,ligue 1,Nice,2013,2014,1,0,1,0,1,1,1,0.7000000000000001,0.7000000000000001,1.85,1.85,-1.16,14.16,9.06,4,7
11,ligue 1,Toulouse,2013,2014,1,0,1,0,1,1,1,1.85,1.85,0.7000000000000001,0.7000000000000001,1.16,9.06,14.16,7,4
12,ligue 1,Rennes,2013,2014,1,0,0,1,0,1,0,1.4,1.4,0.71,0.71,0.7000000000000001,7.43,23.19,14,3
13,ligue 1,Troyes,2013,2014,1,0,0,1,2,3,0,1.84,1.08,1.58,1.58,-0.49,14.44,9.87,2,6
14,ligue 1,Strasbourg,2013,2014,1,0,0,1,1,2,0,1.39,1.39,2.48,2.48,-1.09,7.36,11.04,8,7
15,ligue 1,Brest,2013,2014,1,0,0,1,2,3,0,1.04,0.28,3.32,2.56,-2.27,18.71,5.92,4,7
16,ligue 1,Ajaccio,2013,2014,1,0,0,1,1,2,0,1.14,0.38,1.86,1.1,-0.72,13.84,10.69,3,5
17,ligue 1,Reims,2013,2014,1,0,0,1,1,4,0,0.68,0.68,2.77,2.77,-2.09,15.4,6.96,8,7
18,ligue 1,Auxerre,2013,2014,1,0,0,1,1,4,0,0.77,0.77,1.3,1.3,-0.53,23.69,14.17,7,15
19,ligue 1,Clermont Foot,2013,2014,1,0,0,1,0,5,0,0.19,0.19,4.12,4.12,-3.92,18.2,10.72,4,12
0,ligue 1,Paris Saint Germain,2014,2015,38,24,11,3,83,36,83,78.42,67.78,28.24,25.96,41.82,6.79,15.02,321,116
1,ligue 1,Lyon,2014,2015,38,22,9,7,72,33,75,62.85,53.63,41.71,37.15,16.49,7.95,10.91,202,136
2,ligue 1,Monaco,2014,2015,38,20,11,7,51,26,71,56.61,51.29,37.62,32.92,18.37,8.02,9.67,228,132
3,ligue 1,Marseille,2014,2015,38,21,6,11,76,42,69,60.63,57.59,36.41,33.37,24.23,6.11,8.27,201,126
4,ligue 1,Saint-Etienne,2014,2015,38,19,12,7,51,30,69,46.49,41.17,38.24,33.67,7.5,8.79,10.52,198,124
5,ligue 1,Bordeaux,2014,2015,38,17,12,9,47,44,63,48.21,42.13,43.09,37.77,4.36,9.06,10.41,204,139
6,ligue 1,Montpellier,2014,2015,38,16,8,14,46,39,56,45.39,40.83,42.45,39.31,1.52,8.65,5.9,152,166
7,ligue 1,Lille,2014,2015,38,16,8,14,43,42,56,40.92,34.81,44.22,41.94,-7.12,8.89,9.93,170,150
8,ligue 1,Rennes,2014,2015,38,13,11,14,35,42,50,37.44,35.16,38.92,35.12,0.04,11.57,11.8,169,148
9,ligue 1,Guingamp,2014,2015,38,15,4,19,41,55,49,37.85,32.53,45.12,39.8,-7.27,11.84,6.79,122,211
10,ligue 1,Nice,2014,2015,38,13,9,16,44,53,48,45.19,42.15,48.0,41.92,0.23,7.52,7.21,134,169
11,ligue 1,SC Bastia,2014,2015,38,12,11,15,37,46,47,30.25,26.45,44.64,39.32,-12.87,8.79,8.24,98,201
12,ligue 1,Caen,2014,2015,38,12,10,16,54,55,46,41.4,36.84,59.07,47.4,-10.56,11.12,6.93,118,229
13,ligue 1,Nantes,2014,2015,38,11,12,15,29,40,45,36.08,31.5,39.62,36.58,-5.08,9.83,8.99,124,127
14,ligue 1,Reims,2014,2015,38,12,8,18,47,66,44,43.45,41.17,58.57,53.23,-12.07,10.21,9.68,131,157
15,ligue 1,Lorient,2014,2015,38,12,7,19,44,50,43,41.04,37.24,52.5,47.18,-9.95,11.98,9.81,151,187
16,ligue 1,Toulouse,2014,2015,38,12,6,20,43,64,42,40.67,37.63,45.67,39.59,-1.95,7.36,7.91,184,165
17,ligue 1,Evian Thonon Gaillard,2014,2015,38,11,4,23,41,62,37,33.9,32.38,54.61,48.53,-16.16,9.09,8.44,104,191
18,ligue 1,Metz,2014,2015,38,7,9,22,31,61,30,37.52,29.81,48.69,44.89,-15.08,10.53,8.09,132,204
19,ligue 1,Lens,2014,2015,38,7,8,23,32,61,29,38.41,32.03,55.32,48.48,-16.46,9.53,8.18,131,196
0,ligue 1,Paris Saint Germain,2015,2016,38,30,6,2,102,19,96,86.2,79.96,24.37,22.09,57.87,6.32,18.25,341,121
1,ligue 1,Lyon,2015,2016,38,19,8,11,67,43,65,63.01,59.97,38.01,36.49,23.48,6.05,12.87,294,114
2,ligue 1,Monaco,2015,2016,38,17,14,7,57,50,65,58.13,52.81,48.81,46.53,6.28,8.66,8.87,154,197
3,ligue 1,Nice,2015,2016,38,18,9,11,58,41,63,45.23,41.43,47.71,43.91,-2.48,9.37,11.85,167,190
4,ligue 1,Lille,2015,2016,38,15,15,8,39,27,60,41.69,39.41,35.79,31.98,7.43,7.89,8.3,192,154
5,ligue 1,Saint-Etienne,2015,2016,38,17,7,14,42,37,58,45.46,41.66,44.66,42.38,-0.72,7.99,10.89,195,190
6,ligue 1,Caen,2015,2016,38,16,6,16,39,52,54,43.9,39.34,49.69,48.17,-8.83,12.32,6.72,137,234
7,ligue 1,Rennes,2015,2016,38,13,13,12,52,54,52,42.91,37.44,47.02,44.74,-7.3,9.99,9.64,169,197
8,ligue 1,Angers,2015,2016,38,13,11,14,40,38,50,36.58,31.26,41.02,37.22,-5.96,13.99,7.96,99,176
9,ligue 1,SC Bastia,2015,2016,38,14,8,16,36,42,50,29.51,27.99,48.36,43.8,-15.8,11.29,7.28,123,209
10,ligue 1,Bordeaux,2015,2016,38,12,14,12,50,57,50,46.36,44.84,48.67,43.35,1.49,9.09,8.67,173,151
11,ligue 1,Montpellier,2015,2016,38,14,7,17,49,47,49,43.14,40.86,44.33,42.05,-1.19,10.05,8.93,155,149
12,ligue 1,Marseille,2015,2016,38,10,18,10,48,42,48,48.89,45.85,42.67,37.35,8.5,7.62,9.7,202,167
13,ligue 1,Nantes,2015,2016,38,12,12,14,33,44,48,36.4,36.4,42.44,38.64,-2.24,9.42,10.11,198,185
14,ligue 1,Lorient,2015,2016,38,11,13,14,47,58,46,42.31,36.99,52.31,50.03,-13.04,12.25,8.74,171,206
15,ligue 1,Guingamp,2015,2016,38,11,11,16,47,56,44,41.35,38.31,46.27,40.95,-2.64,11.78,7.23,157,208
16,ligue 1,Toulouse,2015,2016,38,9,13,16,45,55,40,50.33,44.25,39.8,38.14,6.11,8.78,7.25,190,172
17,ligue 1,Reims,2015,2016,38,10,9,19,44,57,39,42.87,40.58,52.92,50.64,-10.06,9.67,8.95,141,170
18,ligue 1,GFC Ajaccio,2015,2016,38,8,13,17,37,58,37,32.52,29.48,45.26,41.46,-11.98,9.96,9.34,171,145
19,ligue 1,Troyes,2015,2016,38,3,9,26,28,83,18,36.59,34.31,73.28,63.24,-28.93,11.76,9.32,187,281
0,ligue 1,Monaco,2016,2017,38,30,5,3,107,31,95,76.04,67.68,34.89,31.09,36.58,9.08,11.2,226,139
1,ligue 1,Paris Saint Germain,2016,2017,38,27,6,5,83,27,87,82.16,74.56,24.25,21.97,52.59,7.6,18.08,329,95
2,ligue 1,Nice,2016,2017,38,22,12,4,63,36,78,51.54,45.46,50.89,47.85,-2.39,11.66,12.18,198,173
3,ligue 1,Lyon,2016,2017,38,21,4,13,80,48,67,71.13,60.49,41.03,36.47,24.02,7.06,11.86,274,143
4,ligue 1,Marseille,2016,2017,38,17,11,10,57,41,62,53.83,50.79,47.33,45.8,4.98,8.75,11.96,197,185
5,ligue 1,Bordeaux,2016,2017,38,15,14,9,53,43,59,52.02,46.69,44.11,41.07,5.62,11.03,9.38,145,177
6,ligue 1,Nantes,2016,2017,38,14,9,15,40,54,51,42.99,39.95,44.62,37.78,2.16,9.53,9.54,174,159
7,ligue 1,Saint-Etienne,2016,2017,38,12,14,12,41,42,50,42.92,38.36,50.26,47.22,-8.87,9.52,10.4,185,171
8,ligue 1,Rennes,2016,2017,38,12,14,12,36,42,50,41.81,39.53,43.54,40.5,-0.97,9.79,10.49,136,163
9,ligue 1,Guingamp,2016,2017,38,14,8,16,46,53,50,47.14,44.1,52.31,43.83,0.27,10.69,9.33,205,192
10,ligue 1,Lille,2016,2017,38,13,7,18,40,47,46,44.08,38.0,48.77,44.06,-6.06,9.91,9.58,142,185
11,ligue 1,Angers,2016,2017,38,13,7,18,40,49,46,46.19,43.15,41.02,39.5,3.66,13.15,10.39,178,150
12,ligue 1,Toulouse,2016,2017,38,10,14,14,37,41,44,41.19,34.19,42.98,36.14,-1.94,8.65,7.68,147,164
13,ligue 1,Metz,2016,2017,38,11,10,17,39,72,43,34.76,27.91,63.68,58.35,-30.44,12.81,8.04,131,261
14,ligue 1,Montpellier,2016,2017,38,10,9,19,48,66,39,44.2,41.92,52.03,46.71,-4.79,12.11,9.76,187,161
15,ligue 1,Dijon,2016,2017,38,8,13,17,46,58,37,38.59,34.79,62.66,53.54,-18.75,10.84,9.51,166,222
16,ligue 1,Caen,2016,2017,38,10,7,21,36,65,37,45.28,40.72,56.47,50.38,-9.67,11.12,8.79,122,213
17,ligue 1,Lorient,2016,2017,38,10,6,22,44,70,36,44.46,39.79,51.88,47.32,-7.52,12.26,11.81,172,179
18,ligue 1,Nancy,2016,2017,38,9,8,21,29,52,35,32.58,30.3,54.45,48.37,-18.07,10.32,8.75,121,208
19,ligue 1,SC Bastia,2016,2017,38,8,10,20,29,57,34,32.27,31.51,58.01,51.93,-20.42,12.78,6.96,100,195
0,ligue 1,Paris Saint Germain,2017,2018,38,29,6,3,108,29,93,89.92,83.08,32.1,28.3,54.79,7.36,16.05,478,118
1,ligue 1,Monaco,2017,2018,38,24,8,6,85,45,80,62.41,56.19,45.27,41.47,14.72,8.11,11.02,214,170
2,ligue 1,Lyon,2017,2018,38,23,9,6,87,43,78,65.27,59.95,37.09,30.87,29.07,8.92,11.35,222,139
3,ligue 1,Marseille,2017,2018,38,22,11,5,80,47,77,82.2,76.12,41.17,36.61,39.51,7.24,12.27,243,134
4,ligue 1,Rennes,2017,2018,38,16,10,12,50,44,58,46.97,40.89,49.14,43.06,-2.17,9.64,10.77,135,173
5,ligue 1,Bordeaux,2017,2018,38,16,7,15,53,48,55,52.56,47.91,41.38,35.3,12.62,10.0,9.75,186,153
6,ligue 1,Saint-Etienne,2017,2018,38,15,10,13,47,50,55,51.03,42.67,53.26,47.94,-5.27,10.24,10.65,198,181
7,ligue 1,Nice,2017,2018,38,15,9,14,53,52,54,47.36,39.63,45.9,42.1,-2.47,11.6,13.9,177,176
8,ligue 1,Nantes,2017,2018,38,14,10,14,36,41,52,39.8,36.0,36.26,33.22,2.78,11.55,8.92,176,226
9,ligue 1,Montpellier,2017,2018,38,11,18,9,36,33,51,39.81,38.29,37.93,33.37,4.92,12.65,9.12,152,169
10,ligue 1,Dijon,2017,2018,38,13,9,16,55,73,48,40.03,36.22,62.95,52.28,-16.05,10.29,9.18,215,194
11,ligue 1,Guingamp,2017,2018,38,12,11,15,48,59,47,41.86,36.54,50.51,45.11,-8.57,10.2,10.13,173,223
12,ligue 1,Amiens,2017,2018,38,12,9,17,37,42,45,31.47,28.43,51.7,48.66,-20.23,11.42,7.38,115,276
13,ligue 1,Angers,2017,2018,38,9,14,15,42,52,41,46.15,43.11,45.19,39.87,3.24,13.07,9.37,184,168
14,ligue 1,Strasbourg,2017,2018,38,9,11,18,44,67,38,43.27,37.95,58.33,53.01,-15.06,9.25,9.13,164,192
15,ligue 1,Caen,2017,2018,38,10,8,20,27,52,38,41.17,35.09,47.83,44.03,-8.93,9.57,8.53,121,195
16,ligue 1,Lille,2017,2018,38,10,8,20,41,67,38,36.13,34.61,59.37,54.04,-19.44,10.04,10.23,163,216
17,ligue 1,Toulouse,2017,2018,38,9,10,19,38,54,37,43.29,34.91,54.45,49.89,-14.99,9.36,8.0,144,200
18,ligue 1,Troyes,2017,2018,38,9,6,23,32,59,33,37.13,34.85,52.47,48.67,-13.82,14.42,8.54,157,210
19,ligue 1,Metz,2017,2018,38,6,8,24,34,76,26,36.4,33.36,71.93,68.01,-34.65,11.74,9.6,158,262
0,ligue 1,Paris Saint Germain,2018,2019,38,29,4,5,105,35,91,95.34,86.22,36.78,32.08,54.15,7.26,16.85,459,132
1,ligue 1,Lille,2018,2019,38,22,9,7,68,33,75,60.01,50.03,39.85,32.25,17.78,10.77,9.91,196,162
2,ligue 1,Lyon,2018,2019,38,21,9,8,70,47,72,72.71,65.11,44.71,40.91,24.21,8.17,13.21,264,152
3,ligue 1,Saint-Etienne,2018,2019,38,19,9,10,59,41,66,57.85,54.05,48.81,41.97,12.08,9.53,11.37,197,185
4,ligue 1,Marseille,2018,2019,38,18,7,13,60,52,61,52.08,48.28,44.59,35.42,12.86,8.3,13.03,181,140
5,ligue 1,Montpellier,2018,2019,38,15,14,9,53,42,59,46.62,44.34,41.26,37.33,7.01,10.97,10.21,192,178
6,ligue 1,Nice,2018,2019,38,15,11,12,30,35,56,43.45,36.51,49.73,45.17,-8.66,10.62,12.01,135,216
7,ligue 1,Reims,2018,2019,38,13,16,9,39,42,55,37.12,35.6,42.28,36.96,-1.36,12.08,8.41,165,176
8,ligue 1,Nimes,2018,2019,38,15,8,15,57,58,53,48.5,43.94,55.47,51.67,-7.73,10.78,7.93,151,189
9,ligue 1,Rennes,2018,2019,38,13,13,12,55,52,52,56.05,48.3,46.19,42.31,5.99,10.49,10.95,187,207
10,ligue 1,Strasbourg,2018,2019,38,11,16,11,58,48,49,40.59,35.22,48.51,41.57,-6.35,11.44,11.71,156,182
11,ligue 1,Nantes,2018,2019,38,13,9,16,48,48,48,48.04,41.96,47.3,41.07,0.89,9.64,9.46,166,182
12,ligue 1,Angers,2018,2019,38,10,16,12,44,49,46,47.5,39.75,46.31,42.41,-2.65,15.42,9.53,189,204
13,ligue 1,Bordeaux,2018,2019,38,10,11,17,34,42,41,37.27,32.68,52.19,46.87,-14.18,10.21,9.73,159,188
14,ligue 1,Amiens,2018,2019,38,9,11,18,31,52,38,34.63,32.35,46.76,39.91,-7.56,10.55,8.87,146,213
15,ligue 1,Toulouse,2018,2019,38,8,14,16,35,57,38,42.73,34.37,56.42,51.86,-17.49,10.47,9.19,174,209
16,ligue 1,Monaco,2018,2019,38,8,12,18,38,57,36,46.49,42.69,48.76,42.66,0.04,9.87,10.78,184,169
17,ligue 1,Dijon,2018,2019,38,9,7,22,31,60,34,36.13,32.97,57.61,55.33,-22.36,10.26,10.01,199,214
18,ligue 1,Caen,2018,2019,38,7,12,19,29,54,33,26.97,23.93,61.09,55.01,-31.07,11.86,8.47,98,224
19,ligue 1,Guingamp,2018,2019,38,5,12,21,28,68,27,39.46,34.81,54.94,50.38,-15.56,12.26,8.27,151,227
0,ligue 1,Paris Saint Germain,2019,2020,27,22,2,3,75,24,68,76.42,70.34,22.43,22.43,47.9,6.88,18.38,324,100
1,ligue 1,Marseille,2019,2020,28,16,8,4,41,29,56,36.42,31.86,32.05,28.25,3.62,8.56,11.77,145,86
2,ligue 1,Rennes,2019,2020,28,15,5,8,38,24,50,34.37,30.43,28.15,24.35,6.08,10.63,10.0,121,132
3,ligue 1,Lille,2019,2020,28,15,4,9,35,27,49,40.81,34.61,30.17,25.61,9.01,9.52,12.94,141,124
4,ligue 1,Reims,2019,2020,28,10,11,7,26,21,41,28.93,25.13,26.47,21.67,3.46,12.07,9.88,131,109
5,ligue 1,Nice,2019,2020,28,11,8,9,41,38,41,36.45,32.65,42.69,37.37,-4.72,11.01,12.3,110,170
6,ligue 1,Lyon,2019,2020,28,11,7,10,42,27,40,36.24,31.68,24.73,22.45,9.24,9.89,14.16,152,121
7,ligue 1,Montpellier,2019,2020,28,11,7,10,35,34,40,34.95,31.15,32.26,28.46,2.69,10.28,10.1,119,141
8,ligue 1,Monaco,2019,2020,28,11,7,10,44,44,40,48.55,45.51,41.06,36.5,9.01,10.6,11.85,211,119
9,ligue 1,Angers,2019,2020,28,11,6,11,28,33,39,27.1,26.34,28.15,25.87,0.48,16.4,10.37,132,117
10,ligue 1,Strasbourg,2019,2020,27,11,5,11,32,32,38,34.56,31.52,33.46,28.14,3.37,11.25,10.75,133,100
11,ligue 1,Bordeaux,2019,2020,28,9,10,9,40,34,37,30.47,28.95,35.2,32.92,-3.97,9.49,11.65,91,156
12,ligue 1,Nantes,2019,2020,28,11,4,13,28,31,37,27.81,26.29,30.26,25.57,0.73,11.92,9.98,110,122
13,ligue 1,Brest,2019,2020,28,8,10,10,34,37,34,30.05,26.25,44.11,39.55,-13.3,11.36,11.57,149,154
14,ligue 1,Metz,2019,2020,28,8,10,10,27,35,34,24.65,21.61,36.54,33.5,-11.89,13.82,8.85,92,145
15,ligue 1,Dijon,2019,2020,28,7,9,12,27,37,30,27.38,26.62,39.3,38.54,-11.92,12.28,8.81,111,176
16,ligue 1,Saint-Etienne,2019,2020,28,8,6,14,29,45,30,29.65,25.85,37.73,33.17,-7.31,10.22,9.97,93,133
17,ligue 1,Nimes,2019,2020,28,7,6,15,29,44,27,30.19,28.67,40.47,37.43,-8.76,10.47,8.14,109,159
18,ligue 1,Amiens,2019,2020,28,4,11,13,31,50,23,25.62,21.69,38.43,37.67,-15.97,11.55,9.25,101,148
19,ligue 1,Toulouse,2019,2020,28,3,4,21,22,58,13,31.29,26.73,48.28,44.47,-17.74,12.78,9.34,115,178
0,ligue 1,Lille,2020,2021,38,24,11,3,64,23,83,48.07,44.27,25.68,24.16,20.11,10.79,14.23,224,131
1,ligue 1,Paris Saint Germain,2020,2021,38,26,4,8,86,28,82,83.89,74.01,36.85,35.33,38.67,7.57,18.04,355,155
2,ligue 1,Monaco,2020,2021,38,24,6,8,76,42,78,70.35,58.8,33.95,30.15,28.65,8.76,14.88,322,117
3,ligue 1,Lyon,2020,2021,38,22,10,6,81,43,76,82.37,74.01,38.42,33.1,40.91,9.69,13.91,372,150
4,ligue 1,Marseille,2020,2021,38,16,12,10,54,47,60,49.29,43.97,46.49,44.21,-0.24,9.49,12.5,200,179
5,ligue 1,Rennes,2020,2021,38,16,10,12,52,40,58,46.75,44.47,36.06,33.02,11.45,9.62,15.72,249,152
6,ligue 1,Lens,2020,2021,38,15,12,11,55,54,57,56.36,47.24,46.41,38.05,9.19,10.43,11.25,196,176
7,ligue 1,Montpellier,2020,2021,38,14,12,12,60,62,54,52.27,48.47,67.22,58.1,-9.63,13.87,10.54,144,296
8,ligue 1,Nice,2020,2021,38,15,7,16,50,53,52,46.37,41.05,56.18,50.86,-9.81,10.89,13.51,215,206
9,ligue 1,Metz,2020,2021,38,12,11,15,44,48,47,42.26,33.9,48.4,38.52,-4.62,12.62,9.12,116,219
10,ligue 1,Saint-Etienne,2020,2021,38,12,10,16,42,54,46,47.28,40.35,49.15,42.31,-1.95,10.7,8.8,141,188
11,ligue 1,Bordeaux,2020,2021,38,13,6,19,42,56,45,43.55,40.51,54.87,48.79,-8.28,12.49,12.06,157,227
12,ligue 1,Angers,2020,2021,38,12,8,18,40,58,44,39.92,35.36,52.81,46.73,-11.38,14.4,10.47,146,190
13,ligue 1,Reims,2020,2021,38,9,15,14,42,50,42,33.23,29.43,61.79,55.71,-26.28,14.04,10.54,139,238
14,ligue 1,Strasbourg,2020,2021,38,11,9,18,49,58,42,52.78,43.41,50.22,44.14,-0.73,13.3,10.41,200,190
15,ligue 1,Lorient,2020,2021,38,11,9,18,50,68,42,48.15,40.55,52.48,44.12,-3.56,12.24,9.53,141,233
16,ligue 1,Brest,2020,2021,38,11,8,19,50,66,41,45.77,42.73,58.02,49.65,-6.92,12.68,11.76,229,247
17,ligue 1,Nantes,2020,2021,38,9,13,16,47,55,40,48.27,41.43,54.89,45.77,-4.34,12.73,8.56,160,215
18,ligue 1,Nimes,2020,2021,38,9,8,21,40,71,35,41.39,35.31,64.17,56.24,-20.92,13.47,8.44,168,230
19,ligue 1,Dijon,2020,2021,38,4,9,25,25,73,21,31.85,28.05,76.12,68.37,-40.32,13.93,9.77,140,275
0,ligue 1,Paris Saint Germain,2021,2022,38,26,8,4,90,36,86,82.34,76.25,38.0,35.72,40.53,9.52,18.21,383,151
1,ligue 1,Marseille,2021,2022,38,21,8,9,63,38,71,59.87,52.27,42.79,39.75,12.52,10.82,18.24,258,154
2,ligue 1,Monaco,2021,2022,38,20,9,9,65,40,69,63.58,56.74,42.51,35.67,21.07,8.68,13.51,324,157
3,ligue 1,Nice,2021,2022,38,20,7,11,52,36,67,59.6,52.0,44.95,41.15,10.85,11.87,13.31,189,185
4,ligue 1,Rennes,2021,2022,38,20,6,12,82,40,66,68.24,65.2,43.77,39.21,26.0,9.77,16.83,294,157
5,ligue 1,Strasbourg,2021,2022,38,17,12,9,60,43,63,61.2,55.12,44.68,41.64,13.48,11.37,12.63,252,150
6,ligue 1,Lyon,2021,2022,38,17,11,10,66,51,62,73.32,67.24,54.69,48.47,18.77,8.87,14.25,310,195
7,ligue 1,Lens,2021,2022,38,17,11,10,62,48,62,52.24,48.44,43.7,39.89,8.54,12.15,13.88,219,194
8,ligue 1,Nantes,2021,2022,38,15,10,13,55,48,55,45.77,41.97,53.53,48.21,-6.24,13.06,10.78,155,240
9,ligue 1,Lille,2021,2022,38,14,13,11,48,48,55,56.39,52.59,36.97,32.41,20.18,11.3,11.52,218,180
10,ligue 1,Brest,2021,2022,38,13,9,16,49,57,48,44.85,38.75,60.57,57.53,-18.78,15.67,9.99,168,265
11,ligue 1,Reims,2021,2022,38,11,13,14,43,44,46,40.01,35.3,47.79,42.45,-7.15,13.93,8.83,152,214
12,ligue 1,Montpellier,2021,2022,38,12,7,19,49,61,43,42.47,39.43,57.5,52.94,-13.52,12.37,9.93,167,262
13,ligue 1,Angers,2021,2022,38,10,11,17,44,55,41,45.21,38.37,51.69,47.89,-9.52,12.86,10.72,134,185
14,ligue 1,Troyes,2021,2022,38,9,11,18,37,53,38,39.66,34.34,52.99,45.39,-11.05,15.22,9.15,141,268
15,ligue 1,Lorient,2021,2022,38,8,12,18,35,63,36,39.32,37.04,54.5,49.94,-12.9,13.35,9.83,163,221
16,ligue 1,Clermont Foot,2021,2022,38,9,9,20,38,69,36,42.07,39.66,55.85,52.05,-12.39,13.47,10.86,159,212
17,ligue 1,Saint-Etienne,2021,2022,38,7,11,20,42,77,32,40.18,36.38,64.76,58.68,-22.3,10.89,9.59,146,196
18,ligue 1,Metz,2021,2022,38,6,13,19,35,69,31,30.15,29.39,71.65,67.85,-38.46,13.57,9.15,84,265
19,ligue 1,Bordeaux,2021,2022,38,6,13,19,52,91,31,46.28,43.24,69.82,62.84,-19.59,11.64,10.86,173,238
0,serie a,Juventus,2014,2015,38,26,9,3,72,24,87,59.08,52.23,29.13,25.22,27.01,7.94,11.25,334,152
1,serie a,Roma,2014,2015,38,19,13,6,54,31,70,50.85,45.52,36.79,32.98,12.54,7.55,12.82,266,175
2,serie a,Lazio,2014,2015,38,21,6,11,71,38,69,62.0,58.19,35.87,31.3,26.89,6.77,9.93,214,173
3,serie a,Fiorentina,2014,2015,38,18,10,10,61,46,64,60.67,55.31,48.5,46.22,9.09,7.4,11.28,309,170
4,serie a,Napoli,2014,2015,38,18,9,11,70,54,63,64.5,57.54,34.37,32.85,24.69,8.46,12.16,281,137
5,serie a,Genoa,2014,2015,38,16,11,11,62,47,59,57.32,51.99,60.37,54.16,-2.16,7.68,7.03,250,199
6,serie a,Sampdoria,2014,2015,38,13,17,8,48,42,56,47.59,46.06,48.37,43.04,3.02,8.1,7.89,209,246
7,serie a,Inter,2014,2015,38,14,13,11,59,48,55,57.17,51.84,44.32,39.73,12.11,6.18,12.18,297,171
8,serie a,Torino,2014,2015,38,14,12,12,48,45,54,51.78,47.08,42.69,36.57,10.51,12.83,9.13,223,217
9,serie a,AC Milan,2014,2015,38,13,13,12,56,50,52,47.07,38.7,53.99,49.42,-10.72,9.47,9.35,164,263
10,serie a,Palermo,2014,2015,38,12,13,13,53,55,49,54.97,49.62,44.01,40.21,9.41,9.42,8.08,172,216
11,serie a,Sassuolo,2014,2015,38,12,13,13,49,57,49,42.91,36.06,55.19,51.38,-15.32,8.55,7.62,190,237
12,serie a,Verona,2014,2015,38,11,13,14,49,65,46,46.88,42.29,63.41,57.18,-14.9,11.63,7.54,190,314
13,serie a,Chievo,2014,2015,38,10,13,15,28,41,43,33.01,31.49,48.99,45.94,-14.45,9.19,6.23,173,247
14,serie a,Empoli,2014,2015,38,8,18,12,46,52,42,49.66,47.38,43.42,41.9,5.48,8.82,9.09,236,233
15,serie a,Udinese,2014,2015,38,10,11,17,43,56,41,34.86,34.1,54.75,47.9,-13.8,11.36,7.71,171,304
16,serie a,Atalanta,2014,2015,38,7,16,15,38,57,37,40.94,37.13,59.4,52.52,-15.39,9.4,7.49,189,277
17,serie a,Cagliari,2014,2015,38,8,10,20,48,68,34,53.92,48.32,54.17,51.12,-2.8,9.9,7.89,259,240
18,serie a,Parma,2014,2015,38,6,8,24,33,75,26,31.77,30.24,60.74,56.17,-25.93,11.91,8.62,212,269
19,serie a,Cesena,2014,2015,38,4,12,22,36,73,24,34.62,30.05,63.08,55.33,-25.28,10.37,7.74,168,267
0,serie a,Juventus,2015,2016,38,29,4,5,75,20,91,62.99,56.14,23.0,19.92,36.22,8.52,10.03,270,101
1,serie a,Napoli,2015,2016,38,25,7,6,80,32,82,69.53,63.44,26.69,22.76,40.68,7.81,14.98,320,142
2,serie a,Roma,2015,2016,38,23,11,4,83,41,80,64.43,61.38,39.79,33.55,27.83,8.03,12.28,326,142
3,serie a,Inter,2015,2016,38,20,7,11,50,38,67,54.3,52.01,44.25,39.55,12.46,9.1,9.9,246,191
4,serie a,Fiorentina,2015,2016,38,18,10,10,60,42,64,53.19,46.31,36.22,35.46,10.85,6.5600000000000005,11.42,211,142
5,serie a,Sassuolo,2015,2016,38,16,13,9,49,40,61,47.32,41.99,42.93,38.99,3.01,7.55,7.71,210,190
6,serie a,AC Milan,2015,2016,38,15,12,11,49,43,57,53.91,48.54,40.91,37.1,11.44,7.46,8.54,232,183
7,serie a,Lazio,2015,2016,38,15,9,14,52,52,54,55.21,46.7,43.58,37.48,9.22,7.37,9.36,231,166
8,serie a,Chievo,2015,2016,38,13,11,14,43,45,50,40.59,34.5,51.09,47.91,-13.41,8.81,8.71,165,255
9,serie a,Genoa,2015,2016,38,13,7,18,45,48,46,45.29,42.24,48.63,47.11,-4.87,7.72,7.31,201,240
10,serie a,Empoli,2015,2016,38,12,10,16,40,49,46,37.84,36.32,47.51,45.99,-9.67,8.24,8.06,208,188
11,serie a,Torino,2015,2016,38,12,9,17,52,55,45,49.42,41.05,41.29,35.96,5.08,10.71,9.27,212,182
12,serie a,Atalanta,2015,2016,38,11,12,15,41,47,45,46.08,39.85,51.41,44.56,-4.71,8.02,7.93,176,223
13,serie a,Bologna,2015,2016,38,11,9,18,33,45,42,35.48,33.19,51.84,44.99,-11.8,10.27,8.5,177,191
14,serie a,Sampdoria,2015,2016,38,10,10,18,48,61,40,40.53,38.24,66.19,58.58,-20.34,9.26,8.53,180,264
15,serie a,Udinese,2015,2016,38,10,9,19,35,60,39,46.31,43.14,51.42,45.33,-2.19,10.63,7.52,165,242
16,serie a,Palermo,2015,2016,38,10,9,19,38,65,39,36.55,35.79,61.84,57.28,-21.49,10.96,6.29,153,287
17,serie a,Carpi,2015,2016,38,9,11,18,37,57,38,43.37,36.37,51.8,46.47,-10.1,9.96,5.88,151,237
18,serie a,Frosinone,2015,2016,38,8,7,23,35,76,31,33.84,31.56,74.23,67.35,-35.79,8.57,5.61,131,312
19,serie a,Verona,2015,2016,38,5,13,20,34,63,28,40.17,34.71,61.71,57.14,-22.43,10.41,7.55,179,266
0,serie a,Juventus,2016,2017,38,29,4,5,77,27,91,68.74,66.45,23.6,22.84,43.62,9.08,12.37,302,117
1,serie a,Roma,2016,2017,38,28,3,7,90,38,87,83.0,72.34,41.08,38.03,34.31,8.17,12.29,354,201
2,serie a,Napoli,2016,2017,38,26,8,4,94,39,86,77.51,72.93,32.16,29.12,43.82,9.75,18.18,309,132
3,serie a,Atalanta,2016,2017,38,21,9,8,62,41,72,61.39,56.83,34.35,31.3,25.52,9.14,9.22,242,181
4,serie a,Lazio,2016,2017,38,21,7,10,74,51,70,65.39,54.59,41.77,34.92,19.68,9.43,11.17,312,168
5,serie a,AC Milan,2016,2017,38,18,9,11,57,45,63,59.67,50.54,50.21,43.22,7.32,8.86,11.06,244,222
6,serie a,Inter,2016,2017,38,19,5,14,72,49,62,68.76,64.95,44.78,40.21,24.75,7.63,11.18,277,162
7,serie a,Fiorentina,2016,2017,38,16,12,10,63,57,60,55.14,47.41,53.3,48.74,-1.33,8.3,12.22,214,212
8,serie a,Torino,2016,2017,38,13,14,11,71,66,53,57.4,49.63,61.72,56.39,-6.75,8.92,10.12,229,271
9,serie a,Sassuolo,2016,2017,38,14,7,17,60,61,49,50.57,42.96,61.9,55.7,-12.74,10.28,7.99,200,253
10,serie a,Sampdoria,2016,2017,38,12,12,14,49,55,48,46.17,40.08,56.86,50.68,-10.6,8.18,10.29,182,230
11,serie a,Cagliari,2016,2017,38,14,5,19,55,76,47,42.42,37.85,68.32,59.12,-21.27,11.22,7.73,177,267
12,serie a,Udinese,2016,2017,38,12,9,17,47,56,45,44.94,42.59,54.66,47.81,-5.22,13.94,7.93,152,229
13,serie a,Chievo,2016,2017,38,12,7,19,43,61,43,42.74,38.17,55.01,50.44,-12.27,12.11,9.5,160,252
14,serie a,Bologna,2016,2017,38,11,8,19,40,58,41,36.51,34.99,58.3,54.48,-19.49,11.29,9.52,163,253
15,serie a,Genoa,2016,2017,38,9,9,20,38,64,36,45.2,42.91,51.25,45.02,-2.11,9.97,9.79,192,206
16,serie a,Crotone,2016,2017,38,9,7,22,34,58,34,34.17,30.36,61.23,53.62,-23.25,13.17,6.35,130,227
17,serie a,Empoli,2016,2017,38,8,8,22,29,61,32,35.09,30.44,67.01,60.14,-29.71,9.59,8.16,182,278
18,serie a,Palermo,2016,2017,38,6,8,24,33,77,26,28.92,28.15,60.94,56.37,-28.22,12.21,8.68,112,252
19,serie a,Pescara,2016,2017,38,2,9,27,35,83,15,43.12,37.79,68.41,63.84,-26.05,11.32,8.45,241,261
0,serie a,Juventus,2017,2018,38,30,5,3,86,24,95,59.23,53.14,28.58,25.53,27.61,10.68,13.77,260,136
1,serie a,Napoli,2017,2018,38,28,7,3,77,29,91,70.45,64.18,25.27,23.74,40.44,9.54,21.77,358,100
2,serie a,Roma,2017,2018,38,23,8,7,61,28,77,65.63,61.06,38.46,34.52,26.54,8.57,12.57,311,165
3,serie a,Lazio,2017,2018,38,21,9,8,89,49,72,66.51,58.13,42.57,34.96,23.18,10.99,11.69,307,198
4,serie a,Inter,2017,2018,38,20,12,6,66,30,72,60.83,55.51,37.33,35.81,19.7,9.65,14.37,307,178
5,serie a,AC Milan,2017,2018,38,18,10,10,56,42,64,50.88,46.31,36.78,34.49,11.81,10.69,14.31,258,185
6,serie a,Atalanta,2017,2018,38,16,12,10,57,39,60,64.29,57.44,36.5,34.98,22.46,8.62,11.05,347,179
7,serie a,Fiorentina,2017,2018,38,16,9,13,54,46,57,54.12,48.03,42.15,39.87,8.16,8.37,11.93,239,196
8,serie a,Torino,2017,2018,38,13,15,10,54,46,54,46.59,45.05,49.11,43.02,2.03,9.7,9.65,214,225
9,serie a,Sampdoria,2017,2018,38,16,6,16,56,60,54,53.14,47.05,62.26,54.48,-7.44,9.71,12.78,270,237
10,serie a,Sassuolo,2017,2018,38,11,10,17,29,59,43,47.15,39.54,50.63,48.35,-8.81,12.12,8.05,168,231
11,serie a,Genoa,2017,2018,38,11,8,19,33,43,41,42.21,38.4,42.87,39.83,-1.42,13.45,9.87,226,219
12,serie a,Udinese,2017,2018,38,12,4,22,48,63,40,45.17,39.84,50.63,45.89,-6.05,12.58,10.2,171,242
13,serie a,Chievo,2017,2018,38,10,10,18,36,59,40,34.34,32.82,55.26,49.9,-17.08,12.62,10.42,188,280
14,serie a,Bologna,2017,2018,38,11,6,21,40,52,39,36.11,33.83,48.8,45.75,-11.92,12.9,9.58,180,290
15,serie a,Cagliari,2017,2018,38,11,6,21,33,61,39,38.27,32.94,57.91,48.78,-15.83,11.64,9.56,198,287
16,serie a,SPAL 2013,2017,2018,38,8,14,16,39,59,38,34.61,29.91,60.18,51.04,-21.13,13.46,8.09,151,291
17,serie a,Crotone,2017,2018,38,9,8,21,40,66,35,33.24,30.79,59.43,53.34,-22.55,12.92,7.66,150,299
18,serie a,Verona,2017,2018,38,7,4,27,30,78,25,33.76,28.43,72.71,66.62,-38.19,12.77,8.26,134,364
19,serie a,Benevento,2017,2018,38,6,3,29,33,84,21,38.21,35.93,77.31,67.42,-31.49,13.07,9.17,144,279
0,serie a,Juventus,2018,2019,38,28,6,4,70,30,90,64.53,58.44,35.03,31.99,26.45,9.77,13.03,290,158
1,serie a,Napoli,2018,2019,38,24,7,7,74,36,79,68.24,65.19,36.5,33.46,31.74,10.38,16.17,344,181
2,serie a,Atalanta,2018,2019,38,20,9,9,77,46,69,74.43,71.38,41.85,38.04,33.34,8.56,12.62,367,164
3,serie a,Inter,2018,2019,38,20,9,9,57,33,69,66.47,59.62,38.4,34.59,25.03,8.93,15.44,311,192
4,serie a,AC Milan,2018,2019,38,19,11,8,55,36,68,52.16,49.12,41.7,37.9,11.22,11.17,12.41,255,194
5,serie a,Roma,2018,2019,38,18,12,8,66,48,66,68.39,63.83,52.79,47.46,16.36,11.72,11.9,296,219
6,serie a,Torino,2018,2019,38,16,15,7,52,37,63,46.47,41.9,48.94,45.14,-3.23,7.11,8.34,219,215
7,serie a,Lazio,2018,2019,38,17,8,13,56,46,59,61.27,56.7,46.45,41.87,14.83,10.92,12.01,337,196
8,serie a,Sampdoria,2018,2019,38,15,8,15,60,51,53,53.19,44.06,54.27,48.05,-3.99,9.14,11.51,290,215
9,serie a,Bologna,2018,2019,38,11,11,16,48,56,44,48.1,44.29,51.06,48.01,-3.72,11.33,8.44,200,238
10,serie a,Sassuolo,2018,2019,38,9,16,13,53,60,43,49.75,45.95,61.11,55.02,-9.07,10.7,10.47,191,220
11,serie a,Udinese,2018,2019,38,11,10,17,39,53,43,42.49,36.22,62.23,55.38,-19.16,12.77,7.87,166,290
12,serie a,SPAL 2013,2018,2019,38,11,9,18,44,56,42,43.28,37.19,54.01,50.2,-13.01,11.09,9.38,139,288
13,serie a,Fiorentina,2018,2019,38,8,17,13,47,45,41,54.12,49.56,44.08,39.51,10.04,9.01,9.66,211,194
14,serie a,Cagliari,2018,2019,38,10,11,17,36,54,41,40.94,38.66,63.74,56.13,-17.47,9.88,12.03,196,292
15,serie a,Parma Calcio 1913,2018,2019,38,10,11,17,41,61,41,41.1,37.29,64.98,58.89,-21.6,15.52,7.52,128,346
16,serie a,Genoa,2018,2019,38,8,14,16,39,57,38,44.54,40.73,56.35,51.79,-11.05,11.03,8.2,235,255
17,serie a,Empoli,2018,2019,38,10,8,20,51,70,38,52.06,46.6,63.33,57.24,-10.64,13.03,10.55,292,265
18,serie a,Frosinone,2018,2019,38,5,10,23,29,69,25,36.1,32.3,64.59,60.79,-28.49,12.79,8.61,139,335
19,serie a,Chievo,2018,2019,38,2,14,22,25,75,20,36.48,31.91,62.69,59.48,-27.57,12.51,10.27,147,296
0,serie a,Juventus,2019,2020,38,26,5,7,76,43,83,73.77,63.12,41.0,31.64,31.48,8.6,14.0,270,174
1,serie a,Inter,2019,2020,38,24,10,4,81,36,82,73.95,65.49,39.36,36.31,29.18,8.71,14.73,327,192
2,serie a,Atalanta,2019,2020,38,23,9,6,98,48,78,86.17,78.53,41.73,37.16,41.37,7.76,12.83,369,144
3,serie a,Lazio,2019,2020,38,24,6,8,79,42,78,67.55,53.72,52.33,45.48,8.24,12.48,12.47,345,230
4,serie a,Roma,2019,2020,38,21,7,10,77,51,70,78.32,67.66,49.15,41.42,26.24,10.61,12.56,331,187
5,serie a,AC Milan,2019,2020,38,19,9,10,63,46,66,65.27,58.42,46.42,38.54,19.87,8.47,11.78,323,182
6,serie a,Napoli,2019,2020,38,18,8,12,61,50,62,63.88,60.07,43.17,37.08,22.99,11.15,15.31,310,174
7,serie a,Sassuolo,2019,2020,38,14,9,15,69,63,51,53.42,48.85,65.07,58.22,-9.37,9.5,11.59,279,254
8,serie a,Fiorentina,2019,2020,38,12,13,13,51,48,49,53.49,45.12,50.3,41.92,3.2,11.59,8.6,229,189
9,serie a,Parma Calcio 1913,2019,2020,38,14,7,17,56,57,49,47.12,42.56,64.13,56.51,-13.96,11.84,8.48,202,304
10,serie a,Verona,2019,2020,38,12,13,13,47,51,49,52.49,45.58,53.95,47.1,-1.52,8.94,10.02,248,295
11,serie a,Bologna,2019,2020,38,12,11,15,52,65,47,57.41,52.85,54.87,48.7,4.15,7.73,9.53,222,280
12,serie a,Cagliari,2019,2020,38,11,12,15,52,56,45,41.92,37.24,60.98,54.13,-16.89,12.8,8.86,166,305
13,serie a,Udinese,2019,2020,38,12,9,17,37,51,45,43.69,43.69,52.54,44.76,-1.07,14.5,9.79,212,273
14,serie a,Sampdoria,2019,2020,38,12,6,20,48,65,42,48.92,40.46,56.21,49.36,-8.91,12.02,9.26,205,232
15,serie a,Torino,2019,2020,38,11,7,20,46,68,40,43.49,37.4,63.49,55.12,-17.72,8.61,7.92,178,258
16,serie a,Genoa,2019,2020,38,10,9,19,47,73,39,49.89,37.54,59.51,52.66,-15.11,10.38,10.16,215,308
17,serie a,Lecce,2019,2020,38,9,8,21,52,85,35,53.47,41.87,91.97,82.08,-40.21,14.35,9.65,217,362
18,serie a,Brescia,2019,2020,38,6,7,25,35,79,25,43.25,40.2,78.38,70.01,-29.8,13.82,6.9,190,375
19,serie a,SPAL 2013,2019,2020,38,5,5,28,27,77,20,39.07,33.74,71.97,65.88,-32.14,11.72,9.7,180,300
0,serie a,Inter,2020,2021,38,28,7,3,89,35,91,78.35,71.41,40.59,34.98,36.44,11.96,16.71,359,188
1,serie a,AC Milan,2020,2021,38,24,7,7,74,41,79,75.05,59.55,48.84,45.02,14.52,10.01,11.72,310,236
2,serie a,Atalanta,2020,2021,38,23,9,6,90,47,78,82.01,76.68,39.94,33.73,42.94,9.05,12.76,454,162
3,serie a,Juventus,2020,2021,38,23,9,6,77,38,78,83.53,75.77,38.33,31.48,44.29,9.1,14.5,303,201
4,serie a,Napoli,2020,2021,38,24,5,9,86,41,77,74.98,68.76,41.88,38.07,30.68,12.44,14.14,294,172
5,serie a,Lazio,2020,2021,38,21,5,12,61,55,68,58.7,50.96,48.84,41.23,9.73,10.38,12.79,308,185
6,serie a,Roma,2020,2021,38,18,9,11,68,55,63,72.11,66.02,50.33,45.61,20.4,10.72,13.18,311,219
7,serie a,Sassuolo,2020,2021,38,17,11,10,64,56,62,61.61,50.95,54.82,51.02,-0.07,8.79,15.22,328,274
8,serie a,Sampdoria,2020,2021,38,15,7,16,52,54,52,46.7,42.13,58.63,51.69,-9.56,11.91,10.01,216,274
9,serie a,Verona,2020,2021,38,10,13,15,43,48,43,47.97,45.68,52.45,47.12,-1.44,8.55,9.32,226,252
10,serie a,Genoa,2020,2021,38,10,12,16,47,58,42,40.71,37.67,62.68,57.35,-19.69,13.48,9.78,146,316
11,serie a,Bologna,2020,2021,38,10,11,17,51,65,41,57.53,54.39,67.59,60.61,-6.22,9.36,10.01,224,297
12,serie a,Fiorentina,2020,2021,38,9,13,16,47,59,40,46.2,41.63,62.02,53.52,-11.88,12.19,9.07,186,228
13,serie a,Udinese,2020,2021,38,10,10,18,42,58,40,48.24,45.19,56.38,45.72,-0.53,13.79,9.01,221,258
14,serie a,Spezia,2020,2021,38,9,12,17,52,72,39,47.9,44.09,70.59,62.87,-18.78,10.54,10.89,202,260
15,serie a,Cagliari,2020,2021,38,9,10,19,43,59,37,45.6,41.79,65.26,61.46,-19.66,13.16,9.27,214,329
16,serie a,Torino,2020,2021,38,7,16,15,50,69,37,49.6,44.92,64.22,56.59,-11.67,10.86,8.8,165,261
17,serie a,Benevento,2020,2021,38,7,12,19,40,75,33,38.65,33.18,70.48,66.57,-33.4,13.88,7.88,205,302
18,serie a,Crotone,2020,2021,38,6,5,27,45,92,23,39.64,32.79,77.48,73.68,-40.89,12.22,8.88,164,301
19,serie a,Parma Calcio 1913,2020,2021,38,3,11,24,39,83,20,42.98,39.17,66.69,64.41,-25.23,11.63,11.0,171,292
0,serie a,AC Milan,2021,2022,38,26,8,4,69,31,86,67.34,61.16,34.63,30.82,30.33,8.86,11.09,301,184
1,serie a,Inter,2021,2022,38,25,9,4,84,32,84,90.38,81.79,39.88,36.83,44.96,10.1,16.57,408,186
2,serie a,Napoli,2021,2022,38,24,7,7,74,31,79,63.64,52.91,34.4,33.64,19.27,9.86,14.5,351,210
3,serie a,Juventus,2021,2022,38,20,10,8,57,37,70,60.83,56.26,40.44,34.96,21.3,10.71,11.94,262,203
4,serie a,Lazio,2021,2022,38,18,10,10,77,58,64,59.29,52.44,50.1,45.44,6.99,11.92,15.11,316,217
5,serie a,Roma,2021,2022,38,18,9,11,59,43,63,66.8,59.8,42.05,37.48,22.32,11.13,12.05,292,176
6,serie a,Fiorentina,2021,2022,38,19,5,14,59,51,62,62.04,52.83,45.23,41.35,11.48,10.05,13.64,277,152
7,serie a,Atalanta,2021,2022,38,16,11,11,65,48,59,68.72,64.15,46.6,42.03,22.12,8.43,12.74,391,182
8,serie a,Verona,2021,2022,38,14,11,13,65,59,53,56.39,50.3,52.04,48.87,1.43,8.79,8.58,298,204
9,serie a,Torino,2021,2022,38,13,11,14,46,41,50,53.75,49.19,41.11,32.74,16.45,7.68,11.24,190,178
10,serie a,Sassuolo,2021,2022,38,13,11,14,64,66,50,59.36,54.03,69.96,63.11,-9.08,11.15,10.79,268,340
11,serie a,Udinese,2021,2022,38,11,14,13,61,58,47,57.17,54.13,54.01,48.59,5.54,12.65,7.95,258,256
12,serie a,Bologna,2021,2022,38,12,10,16,44,55,46,45.55,41.75,58.05,51.06,-9.32,10.59,9.23,219,257
13,serie a,Empoli,2021,2022,38,10,11,17,50,70,41,45.52,40.19,74.82,67.21,-27.02,9.72,9.43,235,373
14,serie a,Sampdoria,2021,2022,38,10,6,22,46,63,36,39.09,35.92,62.11,59.06,-23.14,11.18,9.4,218,290
15,serie a,Spezia,2021,2022,38,10,6,22,41,71,36,41.65,37.83,69.55,59.65,-21.82,13.32,8.44,161,347
16,serie a,Salernitana,2021,2022,38,7,10,21,33,78,31,39.49,35.68,71.42,65.33,-29.64,14.57,7.11,175,351
17,serie a,Cagliari,2021,2022,38,6,12,20,34,68,30,40.74,37.7,68.56,60.74,-23.04,11.39,9.13,179,314
18,serie a,Genoa,2021,2022,38,4,16,18,27,60,28,38.53,33.2,60.12,56.32,-23.11,9.52,7.63,178,320
19,serie a,Venezia,2021,2022,38,6,9,23,34,69,27,36.16,32.22,77.36,68.23,-36.01,12.96,8.43,148,385
