,Test points,name,Decision tree points,Random forest points,XGBoost points,Polynomial points
0,6.9,Zakarie Labidi,6.426,6.3639666666666646,6.5300236,6.311650548984402
1,7.61,Mathieu Valbuena,8.048181818181815,7.634900000000001,7.585883,7.610014979954333
2,6.07,Sergi Darder,6.203333333333334,6.111700000000002,6.1111794,6.0565544110555
3,6.99,Romain Del Castillo,7.038000000000001,7.327500000000002,7.2593265,6.988039042639647
4,6.59,Lucas Tousart,6.787166666666666,6.759100000000001,6.729564,6.482928241576793
5,7.14,Henri Bedimo,6.787166666666666,7.022400000000001,7.013564,6.977624748118877
6,6.44,Milan Bisevac,6.609148936170212,6.668100000000003,6.399107,6.408023286819925
7,6.97,Bakary Koné,7.247066666666666,7.119499999999999,7.0965524,6.9053350379038925
8,7.81,Olivier Kemen,7.645384615384617,7.559500000000002,7.704314,7.7931610318004365
9,6.56,Jordan Ferri,6.8656250000000005,6.646399999999999,6.646557,6.548057658493959
10,6.37,Maxime Gonalons,6.574358974358975,6.524900000000002,6.3937664,6.641422432719439
11,6.63,Steed Malbranque,6.900476190476192,6.8199999999999985,6.879225,6.652845832117634
12,6.07,Arnold Mvuemba,6.381315789473682,6.7724,6.561057,5.979406356918658
13,7.75,Christophe Jallet,7.400799999999999,7.447899999999999,7.433193,7.775546877265166
14,7.54,Corentin Tolisso,6.676818181818181,6.864599999999997,7.01455,7.403479003061704
15,6.85,Anthony Lopes,7.038000000000001,7.110699999999998,7.1354866,6.964164261308603
16,6.02,Mathieu Valbuena,6.0805,6.1100500000000055,6.113691,6.28680030633599
17,6.97,Lucas Tousart,6.581626016260165,6.67,6.6164846,7.028983270347891
18,6.18,Maxwel Cornet,6.203333333333334,6.167699999999996,6.0731354,6.046839881836697
19,7.25,Jérémy Morel,7.004,7.045499999999996,7.0680246,7.269539357181906
20,6.5,Memphis Depay,6.0805,6.2758999999999965,6.149198,6.486366991642954
21,7.08,Alexandre Lacazette,6.982622950819672,6.955400000000001,7.0575857,7.25330436015168
22,7.42,Emanuel Mammana,6.823809523809524,7.1038,7.2178493,7.335379992746752
23,7.82,Mouctar Diakhaby,7.645384615384617,7.508599999999994,7.6125712,7.771598526380042
24,6.26,Mathieu Gorgelin,6.367962962962963,6.432820000000006,6.37137,6.168009993537651
25,6.8,Maciej Rybus,6.861333333333332,6.759999999999996,6.6573443,6.780573763314682
26,7.02,Sergi Darder,7.247066666666666,7.156400000000001,7.1083746,7.057078523586587
27,6.99,Clément Grenier,6.845909090909092,6.868800000000001,6.900889,7.040990093958841
28,5.93,Houssem Aouar,6.367962962962963,6.577700000000002,6.5460258,5.833805433578646
29,6.91,Jordy Gaspar,6.8496969696969705,6.7617999999999965,6.8811526,6.927414531378059
30,6.93,Mapou Yanga-Mbiwa,6.781315789473686,6.703700000000003,6.7846303,7.090423178785569
31,6.75,Maxime Gonalons,6.692588235294114,6.872799999999999,6.957898,6.914577782785949
32,7.32,Nabil Fekir,6.978035714285714,7.080100000000001,7.0167737,7.275851509512537
33,6.86,Rachid Ghezzal,6.808219178082192,6.8355999999999995,6.8306885,6.636701064224832
34,6.38,Jordan Ferri,6.4750847457627145,6.4223,6.447575,6.148727522862938
35,7.01,Jean-Philippe Mateta,7.056964285714285,7.1061000000000005,7.0385165,7.00203814200234
36,6.79,Olivier Kemen,6.678750000000001,6.839999999999993,6.786288,6.744710643953382
37,6.24,Rafael,6.203333333333334,6.171799999999998,6.262788,6.312079187161358
38,6.69,Maxwel Cornet,6.808219178082192,6.9401999999999955,6.9177213,6.804131676996618
39,6.47,Memphis Depay,6.381315789473682,6.218300000000002,6.22355,6.438622314872744
40,6.8,Bertrand Traoré,6.982622950819672,6.9988,6.9214473,6.809812094339587
41,6.38,Kenny Tete,6.426938775510205,6.315799999999999,6.305119,6.303102211627673
42,6.87,Houssem Aouar,6.784204545454545,6.971200000000002,6.966595,7.201633060410492
43,6.23,Ferland Mendy,6.690952380952379,6.677500000000002,6.702729,6.335344795501256
44,6.73,Rafael,6.798059701492538,6.779700000000003,6.779672,6.834392089775655
45,6.61,Marcelo,6.678750000000001,6.669200000000001,6.6796613,6.624432735072033
46,7.2,Anthony Lopes,7.400799999999999,7.396699999999997,7.495375,7.1601203435397665
47,6.85,Mouctar Diakhaby,6.733636363636363,6.784699999999999,6.9562454,7.001857372452447
48,6.54,Jérémy Morel,6.614069767441865,6.572000000000002,6.576473,6.605242459408434
49,6.52,Myziane Maolida,6.781315789473686,6.548799999999996,6.4613566,6.719955176622361
50,6.63,Mathieu Gorgelin,7.155526315789473,6.896,6.779998,6.394709384907423
51,6.56,Nabil Fekir,6.581626016260165,6.472599999999997,6.498281,6.474955156098882
52,6.58,Mapou Yanga-Mbiwa,6.4750847457627145,6.463000000000001,6.395536,6.5111197562296805
53,6.88,Willem Geubbels,6.875714285714286,6.940399999999999,6.9101086,6.937352000183983
54,6.76,Lucas Tousart,7.004,6.923999999999999,6.8891835,6.786783829233302
55,6.84,Amine Gouiri,7.229268292682928,7.181500000000002,7.240334,6.816165196480595
56,6.99,Sergi Darder,6.733636363636363,6.724200000000007,6.732657,7.269387211168863
57,6.38,Jordan Ferri,6.203333333333334,6.287200000000001,6.3433204,6.131252052814914
58,7.19,Lenny Pintor,6.808219178082192,6.959799999999999,6.9665585,7.097177942469705
59,6.04,Yassin Fekir,6.8656250000000005,6.4857999999999985,6.428931,5.993835407485036
60,6.57,Ferland Mendy,6.433763440860214,6.556099999999998,6.521217,6.537615925206564
61,7.3,Léo Dubois,7.229268292682928,7.117899999999999,7.099951,7.2343888969704
62,7.01,Maxwel Cornet,6.808219178082192,7.0009999999999994,7.057773,7.074598099072406
63,6.83,Jason Denayer,6.965294117647057,7.024599999999998,7.0388536,6.85762249983334
64,7.06,Houssem Aouar,6.808219178082192,6.8485000000000005,6.9432387,7.024004682642356
65,6.93,Martin Terrier,7.400799999999999,7.033399999999995,6.965729,6.797292455340796
66,7.07,Memphis Depay,7.247066666666666,7.2662999999999975,7.2701893,6.9995446131718255
67,6.88,Moussa Dembele,6.823809523809524,6.721899999999998,6.6675143,7.007630902727938
68,6.61,Kenny Tete,6.8496969696969705,6.8374,6.7742367,6.689546844248568
69,6.21,Bertrand Traoré,6.203333333333334,6.189299999999998,6.286768,6.1983813111240735
70,6.89,Anthony Lopes,6.690952380952379,6.577199999999998,6.6876593,6.876693438888011
71,6.4,Nabil Fekir,6.4750847457627145,6.539499999999997,6.4813323,6.326496566608393
72,7.22,Mathieu Gorgelin,7.155526315789473,7.065300000000002,7.089057,7.085187846944808
73,6.2,Marcelo,6.203333333333334,6.160699999999999,6.2170486,6.150517894976061
74,6.57,Jérémy Morel,6.717297297297297,6.632299999999997,6.569819,6.408231397446383
75,6.77,Oumar Solet,6.781315789473686,6.714899999999999,6.7398105,6.60202109533674
76,6.96,Rafael,6.8496969696969705,6.8389,6.6613708,6.952135280932098
77,7.14,Lucas Tousart,7.247066666666666,7.212099999999998,7.2987914,7.101230339155396
78,7.07,Amine Gouiri,6.965294117647057,7.076499999999999,7.050057,7.191700251740229
79,6.55,Jason Denayer,6.584999999999999,6.5193,6.635111,6.684642927623332
80,6.7,Memphis Depay,6.609148936170212,6.660400000000001,6.6848717,6.758428201660255
81,6.76,Maxwel Cornet,6.787166666666666,6.930899999999996,6.9290457,6.846961110460492
82,6.8,Oumar Solet,6.978035714285714,6.964199999999998,6.899478,6.9034330375247
83,7.17,Thiago Mendes,7.368536585365854,7.364,7.289348,7.173790434497632
84,6.15,Lucas Tousart,6.203333333333334,6.1282,6.0296555,6.115324650189512
85,6.36,Moussa Dembele,6.433763440860214,6.392299999999998,6.353339,6.575055637234003
86,6.79,Houssem Aouar,6.7822499999999994,6.8651,6.7693763,6.829565934993248
87,6.76,Joachim Andersen,6.784204545454545,6.7330000000000005,6.8106346,6.800185646956008
88,6.88,Anthony Lopes,6.861333333333332,6.8052,6.841987,6.880871805295731
89,7.28,Martin Terrier,6.965294117647057,7.080499999999998,7.116089,7.173350517496435
90,7.37,Ciprian Tatarusanu,7.400799999999999,7.340399999999997,7.2603374,7.44075046186699
91,6.18,Kenny Tete,6.782916666666668,6.482600000000002,6.1795864,6.018899796337833
92,6.96,Léo Dubois,6.991470588235295,6.954000000000002,6.9361634,6.9792941545610665
93,5.94,Marcelo,6.426,6.566900000000004,6.5052376,5.989650750832045
94,7.05,Bruno Guimarães,6.860833333333333,6.9301000000000075,7.0131373,6.855683778729522
95,6.8,Bertrand Traoré,7.155526315789473,7.2196000000000025,7.1610475,6.757026447737771
96,6.45,Melvin Bard,6.203333333333334,6.4448,6.453689,6.434986229183405
97,6.92,Jean Lucas,7.056964285714285,6.937699999999993,6.971265,6.9395397111215065
98,6.4,Rafael,6.614069767441865,6.540200000000001,6.5831923,5.989656667537213
99,6.38,Maxence Caqueret,6.4750847457627145,6.360500000000001,6.3779254,6.590732157717235
100,6.6,Malo Gusto,6.609148936170212,6.7578999999999985,6.810683,6.682215769476087
101,6.97,Léo Dubois,7.138260869565219,7.1852,7.2358794,6.925680221246711
102,7.1,Memphis Depay,6.900476190476192,6.908,6.901821,7.070915026477912
103,6.86,Jason Denayer,6.900476190476192,6.865999999999994,6.7499447,6.928980782506515
104,6.31,Maxwel Cornet,6.433763440860214,6.456099999999999,6.283486,6.7297506416329105
105,6.57,Kenny Tete,6.464285714285714,6.571700000000002,6.584787,6.426958067232688
106,6.07,Houssem Aouar,6.203333333333334,6.268499999999994,6.111167,6.037232811954855
107,7.09,Tinotenda Kadewere,6.861333333333332,6.8957,6.8051276,6.998535150418954
108,6.52,Anthony Lopes,6.845909090909092,6.745900000000006,6.7217402,6.555640727411102
109,6.53,Marcelo,6.581626016260165,6.604100000000004,6.66627,6.575100479057418
110,6.81,Bruno Guimarães,6.860833333333333,6.817799999999998,6.87346,6.808448086990696
111,6.7,Lucas Paquetá,6.845909090909092,6.866199999999999,6.908945,6.663530119497451
112,6.15,Thiago Mendes,6.8656250000000005,6.409600000000003,6.371658,6.276375594387118
113,7.35,Joachim Andersen,7.368536585365854,7.392799999999995,7.371316,7.372901775415542
114,6.59,Islam Slimani,6.8496969696969705,6.681199999999999,6.7111306,6.641723920313392
115,6.77,Mattia De Sciglio,6.574358974358975,6.569999999999998,6.4890633,6.6986923544426595
116,7.41,Djamel Benlamri,6.971944444444444,7.160399999999999,7.0779085,7.429280122303583
117,7.29,Moussa Dembele,6.0805,6.3033999999999955,6.453818,7.296692187677513
118,6.72,Maxence Caqueret,6.784204545454545,6.784199999999998,6.7339635,6.874051661301089
119,6.75,Melvin Bard,6.798000000000001,6.728300000000001,6.7632866,6.722115998611176
120,6.81,Andrea Pirlo,7.247066666666666,7.153599999999999,7.097184,6.959142775961584
121,6.3,Paul Pogba,6.3625,6.3625,6.3448563,6.35929940867902
122,6.36,Arturo Vidal,6.275555555555554,6.3969999999999985,6.3642316,6.3602238103522115
123,6.56,Stephan Lichtsteiner,6.692588235294114,6.692599999999999,6.6721206,6.6492505392434325
124,6.34,Leonardo Bonucci,6.690952380952379,6.625899999999991,6.719472,6.473878227558017
125,7.17,Patrice Evra,6.860833333333333,6.872800000000005,6.866069,7.257764093382098
126,7.13,Roberto Pereyra,6.971944444444444,7.166299999999996,7.16565,7.07386719818828
127,7.86,Martín Cáceres,7.645384615384617,7.498400000000003,7.460052,7.878307224471431
128,6.27,Gianluigi Buffon,6.433763440860214,6.519199999999997,6.430798,6.251922947274717
129,6.45,Mattia Vitale,6.614069767441865,6.553199999999996,6.494969,6.347792353471285
130,6.6,Fernando Llorente,6.781315789473686,6.698200000000001,6.692998,6.84257573758403
131,6.32,Kwadwo Asamoah,6.203333333333334,6.378599999999995,6.2409062,6.364127551898654
132,7.32,Marco Storari,7.247066666666666,7.089399999999997,7.0425124,7.612308234635198
133,6.65,Giorgio Chiellini,6.995151515151516,6.859500000000001,6.843229,6.6467742012116835
134,6.89,Andrea Barzagli,6.978035714285714,6.904500000000001,6.9532347,6.9692592212491595
135,7.32,Rômulo,6.965294117647057,6.992899999999996,7.0296946,7.295610112475465
136,6.35,Álvaro Morata,6.275555555555554,6.323300000000004,6.4313784,6.432128084214134
137,6.98,Claudio Marchisio,6.965294117647057,7.006900000000002,7.0356493,6.998097480512523
138,6.96,Simone Padoin,6.982622950819672,6.9211,6.9262605,6.843865510397008
139,6.78,Simone Pepe,6.0805,6.543299999999997,6.4426694,6.856136064610672
140,7.11,Kingsley Coman,6.917692307692308,6.939399999999999,6.929592,7.085914761164782
141,7.05,Angelo Ogbonna,7.056964285714285,7.076400000000001,7.0469384,7.125843480619038
142,6.0,Sebastian Giovinco,6.0805,6.057200000000003,6.0550075,6.008993379215084
143,6.49,Andrea Favilli,6.991470588235295,6.730299999999999,6.7525964,6.484350072114795
144,6.89,Mario Lemina,6.8656250000000005,6.649399999999999,6.7977195,6.768600647555731
145,6.87,Mauricio Isla,6.808219178082192,6.730100000000005,6.769508,6.849430879487702
146,6.89,Fernando Llorente,6.781315789473686,6.728900000000002,6.6400213,6.47883079366684
147,6.65,Juan Cuadrado,6.845909090909092,6.826999999999999,6.7776833,6.581062408891141
148,6.57,Simone Padoin,6.808219178082192,6.7049,6.6790876,6.514448093423203
149,6.06,Andrea Barzagli,6.690952380952379,6.894999999999994,6.74635,6.100793914615919
150,6.32,Paulo Dybala,6.275555555555554,6.317299999999997,6.2686768,6.168011500821231
151,7.15,Leonardo Bonucci,7.1925,7.077600000000002,7.188351,7.120274582346067
152,6.56,Patrice Evra,6.614069767441865,6.574399999999998,6.7409625,6.655633681529827
153,6.95,Mario Mandzukic,6.784204545454545,6.756800000000002,6.737384,6.70272563926113
154,6.73,Sami Khedira,6.860833333333333,6.797800000000004,6.8738155,6.792730884710252
155,6.23,Kwadwo Asamoah,6.426938775510205,6.253499999999995,6.120999,6.326786857375324
156,6.41,Gianluigi Buffon,6.581626016260165,6.661699999999999,6.59448,6.647217589921152
157,6.32,Kingsley Coman,6.275555555555554,6.312,6.3685913,6.4199430669734125
158,6.47,Alex Sandro,6.782916666666668,6.884749999999997,6.9605875,6.515692287804582
159,7.34,Neto,6.578888888888889,6.542999999999998,6.4075108,7.2413862455025955
160,7.16,Martín Cáceres,6.992183908045976,7.121199999999996,7.076887,7.098636061323394
161,6.94,Stephan Lichtsteiner,6.965294117647057,6.911699999999997,6.923813,6.970355627499645
162,6.59,Álvaro Morata,6.7822499999999994,6.7902,6.7429357,6.587564839745342
163,6.28,Roberto Pereyra,6.426938775510205,6.279200000000003,6.2545238,6.218103139457199
164,7.35,Giorgio Chiellini,6.845909090909092,6.996299999999998,7.070581,7.167067523019057
165,6.86,Stefano Sturaro,6.823809523809524,6.978699999999999,7.0488663,6.81311195186487
166,6.37,Claudio Marchisio,6.381315789473682,6.707500000000005,6.4754233,6.234606122166766
167,6.24,Daniele Rugani,6.578888888888889,6.600399999999997,6.4505286,6.220750756049525
168,6.51,Paul Pogba,6.433763440860214,6.565999999999998,6.5982523,6.551597826795406
169,6.83,Simone Zaza,6.995151515151516,6.918100000000003,6.9065237,6.7882187514407315
170,6.38,Rolando Mandragora,6.381315789473682,6.2108000000000025,6.1998835,6.449879938747542
171,6.94,Moise Kean,7.155526315789473,7.067900000000003,7.0890384,6.892158041604117
172,6.74,Giorgio Chiellini,6.733636363636363,6.723399999999999,6.8526216,6.481983924017863
173,6.8,Daniele Rugani,6.860833333333333,6.9054000000000055,6.852663,6.78537742991447
174,6.77,Alex Sandro,6.861333333333332,6.7474,6.75999,6.686857898757695
175,7.07,Dani Alves,6.584999999999999,6.4417,6.3695498,7.109785560349456
176,7.32,Sami Khedira,7.138260869565219,7.072799999999997,6.985846,7.1539643104402755
177,6.87,Gonzalo Higuaín,6.978035714285714,6.9924000000000035,6.972195,6.8633294945419125
178,6.7,Paulo Dybala,6.581626016260165,6.666300000000002,6.695456,7.225845364145427
179,7.37,Leonardo Bonucci,7.2165384615384625,7.327399999999999,7.371444,7.378460973312662
180,6.24,Stephan Lichtsteiner,6.584999999999999,6.503899999999999,6.509638,6.242497856331856
181,6.65,Miralem Pjanic,6.787166666666666,6.779800000000002,6.678488,6.847614135982852
182,6.63,Kwadwo Asamoah,6.860833333333333,6.838200000000001,6.8831177,6.7214883720557435
183,7.13,Claudio Marchisio,7.138260869565219,7.179199999999998,7.1937985,7.105404517863083
184,7.18,Mario Mandzukic,7.056964285714285,6.916800000000002,6.831509,7.066106954313804
185,7.06,Medhi Benatia,6.900476190476192,6.925399999999999,6.9906607,6.935382056381847
186,7.16,Emil Audero,7.047272727272728,7.071199999999997,7.0730996,7.016144854668597
187,6.39,Gianluigi Buffon,6.0805,6.1216,6.1466475,6.422255042711846
188,6.45,Mario Lemina,6.781315789473686,6.613999999999997,6.46778,6.580543613725181
189,7.01,Juan Cuadrado,6.688461538461539,6.904099999999996,6.98319,7.140254141774534
190,6.76,Neto,6.860833333333333,6.904900000000001,6.853104,6.674859469169292
191,5.9,Hernanes,6.426,6.486300000000001,6.545153,5.9856644049971655
192,6.68,Andrea Barzagli,6.784204545454545,6.749099999999999,6.858178,6.85799691605122
193,7.15,Patrice Evra,7.247066666666666,7.213800000000008,7.2204537,7.169864733983234
194,6.92,Stefano Sturaro,6.7822499999999994,6.832700000000002,6.824694,6.713537463239958
195,6.13,Marko Pjaca,6.0805,5.961616666666669,6.0686293,5.997888375096848
196,6.35,Mattia De Sciglio,6.574358974358975,6.531000000000003,6.4498434,6.644427640502144
197,6.96,Paulo Dybala,6.692588235294114,6.821599999999998,6.8922954,6.860778039231078
198,6.37,Juan Cuadrado,6.690952380952379,6.894299999999995,6.7211504,6.354784077983864
199,6.85,Daniele Rugani,6.965294117647057,6.971500000000001,6.9146667,6.8855389782217475
200,6.92,Sami Khedira,7.247066666666666,7.221600000000002,7.1872854,6.9071078554775145
201,6.14,Benedikt Höwedes,6.0805,6.0014,6.056382,6.187750875643117
202,6.75,Alex Sandro,6.861333333333332,6.904499999999997,6.832302,6.611636759514867
203,7.09,Giorgio Chiellini,6.982622950819672,6.903500000000004,6.9662795,7.01390504963835
204,6.69,Gonzalo Higuaín,6.8496969696969705,6.777099999999999,6.6283956,6.701869241464151
205,6.78,Douglas Costa,6.917692307692308,6.894500000000001,6.7266455,7.123642387141293
206,7.22,Andrea Barzagli,6.808219178082192,7.1103000000000005,7.188911,7.203010730106783
207,6.91,Stephan Lichtsteiner,6.875714285714286,6.823599999999999,6.7285695,6.866693570451537
208,6.03,Kwadwo Asamoah,6.203333333333334,6.250899999999998,6.2199693,6.022400090066802
209,6.38,Carlo Pinsoglio,6.0805,6.102199999999998,6.096543,6.328732884442657
210,6.76,Blaise Matuidi,6.982622950819672,6.843600000000004,6.6927614,6.595249211808675
211,6.73,Miralem Pjanic,6.688461538461539,6.726300000000002,6.770544,6.887038540968878
212,6.82,Mario Mandzukic,6.798059701492538,6.734499999999993,6.8183284,6.660968048680885
213,6.62,Federico Bernardeschi,6.717297297297297,6.784799999999998,6.7706213,6.624737558273562
214,6.23,Medhi Benatia,6.433763440860214,6.441999999999999,6.375984,6.0764009169418856
215,6.88,Wojciech Szczesny,6.808219178082192,6.750400000000002,6.696116,6.814374569147888
216,6.55,Gianluigi Buffon,6.581626016260165,6.635,6.6993546,6.468176390215442
217,6.97,Claudio Marchisio,6.982622950819672,7.044499999999999,6.9460645,6.857233887431085
218,6.57,Stefano Sturaro,6.464285714285714,6.543099999999997,6.4838653,6.81856368319387
219,7.18,Rodrigo Bentancur,7.155526315789473,7.106699999999997,7.0966053,7.093033915471992
220,6.98,Giorgio Chiellini,6.784204545454545,6.857600000000002,6.7869983,6.882560201225441
221,6.68,Leonardo Bonucci,6.991470588235295,6.8447,6.9147573,6.624319844098913
222,6.52,Mario Mandzukic,6.781315789473686,6.601299999999998,6.526625,6.271702631718604
223,6.91,Moise Kean,6.875714285714286,6.894900000000002,6.9372306,6.899064213629758
224,6.0,Cristiano Ronaldo,6.0805,6.00205,6.0676746,6.048046160513919
225,6.85,Stephy Mavididi,6.798059701492538,6.782700000000005,6.739236,6.8651122159151745
226,6.39,Blaise Matuidi,6.614069767441865,6.526600000000003,6.572785,6.148857188450023
227,6.57,Paulo Dybala,6.784204545454545,6.790499999999998,6.8647037,6.62265996138857
228,6.72,Juan Cuadrado,6.784204545454545,6.9308,6.8240514,6.915159612984485
229,6.55,Emre Can,6.676818181818181,6.6522000000000014,6.6600637,6.721930621856856
230,7.05,Manolo Portanova,6.845909090909092,6.701199999999997,6.7270937,6.804999880284812
231,7.15,Leonardo Spinazzola,7.1925,7.138299999999995,7.1764174,6.860906374728203
232,7.24,Mattia De Sciglio,6.787166666666666,7.016799999999998,7.0271115,7.184943428566796
233,6.48,Carlo Pinsoglio,6.678750000000001,6.6676,6.646859,6.575344803276308
234,6.88,Grigoris Kastanos,6.860833333333333,6.936700000000002,7.027252,6.742026083354115
235,6.74,Wojciech Szczesny,6.3595000000000015,5.956400000000005,6.1985693,6.830563666982285
236,6.34,Daniele Rugani,6.433763440860214,6.345100000000005,6.3606853,6.049221540156189
237,6.85,João Cancelo,6.574358974358975,6.572499999999999,6.6461163,6.741936113162272
238,6.82,Sami Khedira,7.004,6.9008000000000065,6.8326287,7.130036822723946
239,6.68,Alex Sandro,6.464285714285714,6.5370000000000035,6.7044206,6.713347856586708
240,6.88,Mattia Perin,6.678750000000001,6.7005,6.6447253,6.926729500037523
241,7.09,Miralem Pjanic,7.138260869565219,7.143000000000003,7.05462,6.817858238890271
242,6.18,Medhi Benatia,6.614069767441865,6.514399999999999,6.4519367,6.149531991004209
243,6.61,Hans Nicolussi Caviglia,6.581626016260165,6.589099999999997,6.6825356,6.297858819494405
244,6.64,Andrea Barzagli,6.581626016260165,6.538899999999999,6.512423,6.666441723368443
245,7.12,Rodrigo Bentancur,6.965294117647057,6.968100000000003,7.018648,7.290940485960926
246,7.15,Douglas Costa,6.717297297297297,7.022499999999999,6.9944005,7.254011263965224
247,6.33,Matheus Pereira,6.426938775510205,6.3645,6.3969126,6.360285235518292
248,6.56,Federico Bernardeschi,6.4750847457627145,6.583599999999999,6.6346602,6.905847577180655
249,6.85,Merih Demiral,6.900476190476192,6.881300000000001,6.8515625,6.778753565683127
250,6.48,Giacomo Vrioni,6.574358974358975,6.572599999999998,6.4875627,6.308001968854812
251,6.72,Giorgio Chiellini,6.581626016260165,6.716,6.6586814,6.689272823326964
252,7.11,Daouda Peeters,7.247066666666666,7.204399999999998,7.1833687,7.17946708354591
253,7.07,Cristiano Ronaldo,7.008888888888889,7.0543,7.0907907,7.06654807196538
254,6.87,Paulo Dybala,6.717297297297297,6.730200000000001,6.7400203,6.801912247553366
255,6.96,Juan Cuadrado,6.808219178082192,6.996000000000004,6.9939637,7.053145972641872
256,6.25,Carlo Pinsoglio,6.1739622641509415,6.262599999999999,6.292803,6.200092299027786
257,6.42,Alex Sandro,6.4750847457627145,6.519099999999998,6.5580115,6.508914820923121
258,7.03,Danilo,6.578888888888889,6.547599999999997,6.463563,6.99429571418129
259,6.21,Matthijs de Ligt,6.584999999999999,6.471200000000001,6.4163632,6.208577316743037
260,6.93,Miralem Pjanic,7.138260869565219,7.0844,7.0586567,6.9584280775624245
261,7.31,Aaron Ramsey,7.645384615384617,7.301500000000002,7.280387,7.33110192905837
262,6.92,Gonzalo Higuaín,6.8656250000000005,6.837499999999998,6.583775,6.673773850088959
263,7.03,Wojciech Szczesny,6.982622950819672,6.834000000000004,6.7521577,7.07260963440665
264,6.41,Leonardo Bonucci,6.464285714285714,6.451900000000003,6.448419,6.576714792168146
265,7.85,Gianluca Frabotta,7.400799999999999,7.479599999999994,7.770959,7.862899276658135
266,6.94,Marco Olivieri,7.056964285714285,6.961400000000003,7.055091,6.937502094918622
267,6.16,Douglas Costa,6.0805,6.103900000000002,6.04717,6.102049800517899
268,6.36,Gianluigi Buffon,6.426938775510205,6.498599999999995,6.439552,6.1927406322249015
269,6.27,Blaise Matuidi,6.0805,6.272499999999997,6.293133,6.304802908582467
270,7.48,Luca Zanimacchia,6.823809523809524,7.122299999999999,7.244581,7.206779231645714
271,7.4,Mattia De Sciglio,7.645384615384617,7.681199999999998,7.7726,7.420825740289333
272,6.71,Sami Khedira,6.900476190476192,6.7796,6.700154,6.5752125481446715
273,6.79,Daniele Rugani,6.900476190476192,6.8834000000000035,6.7381487,6.889065755743886
274,6.61,Federico Bernardeschi,6.784204545454545,6.7565,6.6979127,6.657133607977304
275,6.36,Simone Muratore,6.275555555555554,6.2677999999999985,6.295531,6.351807950466378
276,7.25,Emre Can,6.965294117647057,6.975900000000003,6.96785,7.3721714208690035
277,6.3,Adrien Rabiot,6.781315789473686,6.4364,6.446146,6.344913946239626
278,6.67,Rodrigo Bentancur,6.678750000000001,6.614699999999996,6.678766,6.716783325250886
279,6.53,Radu Dragusin,6.614069767441865,6.611799999999996,6.79902,6.564000486627581
280,6.4,Giacomo Vrioni,6.426938775510205,6.376600000000001,6.256721,6.375986044920224
281,6.58,Wojciech Szczesny,6.614069767441865,6.539200000000001,6.6357803,6.669130158253915
282,6.61,Alessandro Di Pardo,6.609148936170212,6.7683000000000035,6.652645,6.643521395527563
283,6.7,Arthur,6.917692307692308,6.821199999999997,6.7471194,6.547341931548962
284,7.15,Cristiano Ronaldo,6.982622950819672,7.052700000000007,7.073806,7.0358938299471925
285,6.42,Danilo,6.688461538461539,6.674899999999999,6.605951,6.544586117399529
286,7.01,Alex Sandro,7.056964285714285,7.0078999999999985,6.979779,7.122295492388701
287,7.16,Mattia De Sciglio,6.900476190476192,7.0094,7.1061378,7.118014148387881
288,6.57,Paulo Dybala,6.581626016260165,6.607100000000002,6.6769357,6.3647010990675374
289,6.03,Weston McKennie,6.203333333333334,6.082399999999999,6.083517,5.97520710728979
290,6.36,Matthijs de Ligt,6.614069767441865,6.546799999999998,6.580137,6.187746539628726
291,7.05,Leonardo Bonucci,6.995151515151516,7.0500000000000025,7.0008054,7.129100632325752
292,7.24,Juan Cuadrado,7.4399999999999995,7.215599999999999,7.031942,7.215308706380648
293,6.51,Giorgio Chiellini,6.426938775510205,6.4714,6.4170175,6.551446024827863
294,6.91,Aaron Ramsey,6.992183908045976,7.1076999999999915,7.1069245,7.013452973717022
295,6.84,Adrien Rabiot,6.614069767441865,6.6903999999999995,6.8878756,7.050127724683886
296,6.41,Dejan Kulusevski,6.4545,6.381399999999998,6.4523325,6.716456002782267
297,6.31,Merih Demiral,6.203333333333334,6.414499999999993,6.36434,6.510775792840676
298,7.09,Álvaro Morata,6.808219178082192,6.971500000000001,7.049682,7.204233142795201
299,6.3,Gianluigi Buffon,6.275555555555554,6.356699999999998,6.3604565,6.395796979792636
300,6.54,Carlo Pinsoglio,6.860833333333333,6.858800000000003,6.8264146,6.387762708521166
301,6.48,Douglas Costa,6.4750847457627145,6.4776000000000025,6.4858503,6.521721692186617
302,7.19,Gianluca Frabotta,7.155526315789473,7.200499999999997,7.209088,7.160816196451686
303,6.21,Federico Bernardeschi,6.3595000000000015,6.466250000000003,6.265825,6.24895158661313
304,6.73,Rodrigo Bentancur,6.690952380952379,6.7248000000000046,6.6580887,6.818866355865153
305,6.86,Federico Dimarco,7.056964285714285,6.939000000000001,6.995224,6.963139165705264
306,6.38,Gaston Camara,6.581626016260165,6.484999999999998,6.4778733,6.440670670121902
307,6.86,Mauro Icardi,6.965294117647057,6.9068000000000085,7.013863,6.857894684981441
308,6.51,Dodô,6.781315789473686,6.6221,6.5805445,6.914199307256079
309,6.65,Hernanes,6.614069767441865,6.548599999999998,6.504646,6.64481176759618
310,6.9,Joel Obi,6.798059701492538,6.750800000000003,6.8002543,6.9765375754559384
311,6.94,Fredy Guarín,6.808219178082192,6.783600000000003,6.8578568,7.0177368691493465
312,6.99,Rodrigo Palacio,6.733636363636363,6.845999999999999,6.986571,6.882340658127741
313,7.0,Samir Handanovic,6.614069767441865,6.7288,7.036898,7.158399481262223
314,5.82,Jonathan,6.381315789473682,6.221500000000001,6.0829916,5.766132337762428
315,7.3,Xherdan Shaqiri,6.995151515151516,7.174799999999998,7.2142177,7.72161708313521
316,7.48,Andrea Ranocchia,7.047272727272728,7.261499999999999,7.1953874,7.517643229822203
317,6.41,Mateo Kovacic,6.678750000000001,6.676199999999997,6.693655,6.425589237155619
318,6.68,Davide Santon,6.678750000000001,6.795599999999997,6.7811136,6.678179650727357
319,7.38,Lukas Podolski,7.004,7.036299999999998,7.009016,7.309185090689285
320,7.31,Gary Medel,7.368536585365854,7.276400000000001,7.2145247,7.426165109025102
321,6.23,Rene Krhin,6.381315789473682,6.551500000000002,6.3716726,6.186477936911202
322,6.56,Marcelo Brozovic,6.808219178082192,6.7572,6.666976,6.514506558808296
323,6.98,Marco Andreolli,6.971944444444444,6.950400000000002,6.9770527,6.911045585531074
324,6.33,Zdravko Kuzmanovic,6.581626016260165,6.475500000000002,6.436455,6.240372506343053
325,7.06,Federico Bonazzoli,6.614069767441865,6.864799999999998,6.856087,6.786987216786911
326,7.29,Ibrahima Mbaye,7.645384615384617,7.472500000000002,7.485651,7.295252164450574
327,7.39,Hugo Campagnaro,6.917692307692308,7.080699999999998,7.1448627,7.425778346853968
328,6.94,Nemanja Vidic,6.982622950819672,6.972599999999999,7.004897,7.027075512870232
329,6.28,Yuto Nagatomo,6.0805,6.001400000000003,6.0788026,6.326338291088674
330,6.32,Juan Jesus,6.433763440860214,6.509199999999998,6.448341,6.240671690584147
331,7.06,George Puscas,6.808219178082192,6.8595000000000015,6.898771,7.099498989221902
332,8.45,Isaac Donkor,7.645384615384617,7.684699999999999,7.9070444,8.477450802405407
333,6.0,Fabio Della Giovanna,6.0805,5.959599999999997,6.0265384,5.946804467090131
334,6.83,Gary Medel,6.995151515151516,6.945900000000003,6.910849,6.845237489624934
335,6.88,Mauro Icardi,7.008888888888889,6.9283,6.8627486,6.972950157063148
336,7.05,Ivan Perisic,6.784204545454545,6.857100000000002,6.8751655,7.19449527716382
337,7.18,Ionut Radu,6.971944444444444,7.070399999999998,7.258082,7.273373318589414
338,6.71,Marcelo Brozovic,6.798000000000001,6.630000000000003,6.5549936,6.673591826494918
339,6.45,Davide Santon,6.574358974358975,6.508699999999999,6.5027757,6.504166816286714
340,6.66,Samir Handanovic,6.733636363636363,6.870699999999999,6.7629313,6.553127946228331
341,5.67,Stevan Jovetic,6.6135,6.790800000000002,6.6376705,5.665272549058087
342,6.56,Martín Montoya,6.4750847457627145,6.5497000000000005,6.600782,6.925146025729219
343,6.94,Miranda,6.917692307692308,6.887400000000002,6.875924,7.066680572191785
344,6.95,Rodrigo Palacio,6.978035714285714,6.944600000000001,6.9640355,6.9824853353546965
345,6.68,Jonathan Biabiany,6.787166666666666,6.876099999999999,6.753329,6.689563017236315
346,7.45,Jeison Murillo,7.4399999999999995,7.4394999999999945,7.425877,7.474480568126951
347,7.1,Fredy Guarín,6.978035714285714,7.0783999999999985,7.0067525,7.130643642620084
348,6.63,Juan Jesus,6.692588235294114,6.778699999999997,6.7609873,6.555230264002429
349,6.8,Rey Manaj,7.131463414634148,7.050900000000001,7.0393867,6.714686492002012
350,7.39,Alex Telles,6.860833333333333,6.8126999999999995,6.723812,7.4907009179514406
351,6.46,Felipe Melo,6.581626016260165,6.556000000000001,6.5112567,6.427289240755302
352,6.7,Geoffrey Kondogbia,6.581626016260165,6.552599999999997,6.5178337,6.682486806740392
353,6.19,Yuto Nagatomo,6.275555555555554,6.271799999999998,6.3031893,6.373629137058871
354,6.79,Jonathan Biabiany,6.845909090909092,6.781700000000001,6.9002995,6.863586123540466
355,6.84,Mauro Icardi,6.965294117647057,6.962199999999997,6.9760156,6.878008831287202
356,6.3,Éder,6.690952380952379,6.603400000000001,6.4432077,6.269255363178032
357,6.75,Antonio Candreva,6.992183908045976,6.974799999999997,6.9490314,6.784348932343857
358,7.0,Marco Andreolli,7.2165384615384625,7.317699999999997,7.261777,7.060026228553756
359,6.88,Ivan Perisic,6.787166666666666,6.838099999999993,6.956632,6.732561699295408
360,6.22,Davide Santon,6.584999999999999,6.270700000000002,6.499342,6.217507975692008
361,6.78,Trent Sainsbury,6.982622950819672,6.934399999999998,6.838203,7.01489669210315
362,6.48,Marcelo Brozovic,6.781315789473686,6.598900000000001,6.4911447,6.316056776749511
363,6.93,Samir Handanovic,6.965294117647057,6.934,6.962812,7.127114001445787
364,7.12,Andrea Pinamonti,6.787166666666666,6.7743,6.833844,7.136772646083848
365,6.66,João Mário,6.784204545454545,6.8187999999999995,6.726286,6.5918090646151075
366,5.96,Gary Medel,6.381315789473682,6.155099999999999,6.1191263,5.811402809057923
367,6.83,Éver Banega,6.860833333333333,6.8327,6.8439164,6.733936569157993
368,7.1,Geoffrey Kondogbia,7.056964285714285,7.006000000000005,6.9784646,7.103931850431775
369,7.26,Rodrigo Palacio,7.2165384615384625,7.201799999999999,7.1779594,7.211492272872613
370,6.47,Yuto Nagatomo,6.574358974358975,6.509500000000003,6.4978433,6.761604108736957
371,6.71,Stevan Jovetic,6.593999999999999,6.639399999999999,6.5559263,6.587497946026932
372,6.67,Andrea Ranocchia,6.692588235294114,6.6233,6.587033,6.7644255045196395
373,6.93,Jeison Murillo,6.7822499999999994,6.929099999999998,6.925578,6.866457466532812
374,6.97,Cristian Ansaldi,6.784204545454545,6.948499999999997,6.933482,7.008402304901978
375,6.82,Miranda,6.426,6.606099999999998,6.605848,6.917479384898541
376,7.08,Felipe Melo,6.7822499999999994,6.824899999999997,6.8215566,7.010353738170394
377,7.02,João Cancelo,6.971944444444444,7.118999999999997,7.135324,6.974979880982372
378,7.13,Mauro Icardi,7.131463414634148,7.075499999999998,7.164996,7.169226658916851
379,6.64,Andrea Pinamonti,6.690952380952379,6.760100000000001,6.695901,6.739531867458523
380,6.8,Ivan Perisic,6.991470588235295,6.917300000000004,6.8521156,6.869174270053123
381,7.0,Rafinha,6.978035714285714,6.936699999999997,6.859819,7.084472340292457
382,6.07,Milan Skriniar,6.0805,6.145900000000003,6.0723295,6.065508099203199
383,6.49,Andrea Ranocchia,6.381315789473682,6.487800000000002,6.412345,6.487418425159645
384,6.27,Samir Handanovic,6.8656250000000005,6.562599999999999,6.806832,6.287754291138015
385,7.01,Borja Valero,6.860833333333333,6.945600000000009,6.9413576,7.027179913743073
386,6.54,Antonio Candreva,6.593999999999999,6.309800000000004,6.283373,6.466672569019672
387,6.87,Marcelo Brozovic,6.4750847457627145,6.687700000000002,6.6838646,6.9352265723971875
388,6.49,Lisandro López,6.733636363636363,6.755400000000002,6.807845,6.411945444257287
389,6.7,Yuto Nagatomo,6.823809523809524,6.880299999999998,6.7872205,6.683126212396561
390,7.42,Yann Karamoh,6.676818181818181,6.7261,6.771496,7.50862500938588
391,6.35,Miranda,6.0805,6.0833000000000075,6.0907755,6.434292319200934
392,6.33,João Mário,6.426938775510205,6.558299999999997,6.712763,6.2073337334872
393,6.4,Davide Santon,6.581626016260165,6.574900000000002,6.5698037,6.340265977724475
394,6.96,Éder,6.992183908045976,7.017900000000003,7.0039954,6.941436319783136
395,7.22,Dalbert,7.247066666666666,7.170400000000003,7.1712856,7.277797648553129
396,6.16,Matías Vecino,6.1739622641509415,6.312700000000003,6.3477216,6.160995098523344
397,6.85,Roberto Gagliardini,7.008888888888889,6.909500000000003,6.813363,6.709977586625337
398,6.0,Yann Karamoh,6.0805,6.092175000000005,6.123734,5.92378207261818
399,7.37,Milan Skriniar,7.247066666666666,7.1977,7.195265,7.626436661914356
400,6.01,Roberto Gagliardini,6.275555555555554,6.2391,6.2542644,5.954631245141105
401,7.09,Cédric Soares,6.860833333333333,6.9378000000000055,6.9295325,7.298181859344577
402,6.59,Radja Nainggolan,6.614069767441865,6.538100000000002,6.6509542,6.576636024370152
403,6.28,Mauro Icardi,6.3625,6.397399999999999,6.369529,6.275735926206638
404,6.64,Sime Vrsaljko,6.4750847457627145,6.723400000000002,6.7349925,6.399749494794137
405,6.02,Stefan de Vrij,6.203333333333334,6.156000000000001,6.1110845,6.148036900183839
406,7.0,Ivan Perisic,7.1925,7.126700000000003,7.106706,6.966674058846895
407,6.84,Matteo Politano,6.733636363636363,6.688700000000001,6.8525877,7.180045866613374
408,6.32,Lautaro Martínez,6.593999999999999,6.486200000000004,6.4957647,6.3635474186833525
409,6.1,Samir Handanovic,6.0805,6.049925000000001,6.0352116,5.929007793305671
410,6.56,Dalbert,6.8496969696969705,6.787299999999997,6.7900467,6.660198826556963
411,6.72,Kwadwo Asamoah,6.875714285714286,6.774999999999999,6.7202373,6.676891452354164
412,6.41,João Mário,6.0805,6.259600000000001,6.196414,6.404317696213562
413,6.78,Matías Vecino,7.247066666666666,7.161199999999999,7.049352,6.700715486237746
414,7.0,Marcelo Brozovic,7.138260869565219,7.118900000000001,7.1831446,6.997784355850451
415,6.55,Antonio Candreva,6.678750000000001,6.661100000000004,6.7601814,6.515456675222549
416,6.94,Miranda,7.368536585365854,7.204200000000002,7.06277,6.948928560993638
417,7.51,Borja Valero,7.247066666666666,7.206199999999998,7.3982916,7.52593526561573
418,7.18,Andrea Ranocchia,6.992183908045976,7.152599999999996,7.13591,7.297656649574278
419,6.24,Ashley Young,6.203333333333334,6.163199999999998,6.190734,6.32559318917147
420,6.84,Cristiano Biraghi,6.808219178082192,6.772000000000002,6.8149047,7.051210623791153
421,6.49,Lorenzo Pirola,6.574358974358975,6.471500000000003,6.4790998,6.530942167613306
422,6.77,Stefan de Vrij,6.433763440860214,6.592800000000002,6.634454,6.736573849434875
423,6.7,Kwadwo Asamoah,6.717297297297297,6.7022,6.5590587,6.624531967860046
424,6.13,Romelu Lukaku,6.203333333333334,6.1186,6.0998883,6.112547676378241
425,6.16,Antonio Candreva,6.203333333333334,6.159799999999999,6.1875467,6.112537219832914
426,6.93,Roberto Gagliardini,6.578888888888889,6.4163,6.6681833,6.940548066441196
427,6.98,Diego Godín,7.2165384615384625,7.0178999999999965,7.1128116,6.777058059403954
428,7.14,Borja Valero,7.138260869565219,7.0649000000000015,7.1425295,7.162551922819952
429,7.08,Samir Handanovic,6.965294117647057,6.824400000000002,6.776627,7.454824669985124
430,6.98,Marcelo Brozovic,6.861333333333332,6.752700000000002,6.7348638,7.155861425421199
431,6.74,Stefano Sensi,6.798059701492538,6.8309000000000015,6.8615537,6.849344647531139
432,7.14,Matías Vecino,6.971944444444444,7.085199999999997,7.090634,7.19287315065893
433,6.11,Valentino Lazaro,6.203333333333334,6.069300000000001,6.122354,6.2071399730188395
434,6.08,Alexis Sánchez,6.426938775510205,6.283499999999999,6.1885324,6.004225656839295
435,6.99,Sebastiano Esposito,6.823809523809524,6.8206000000000016,6.813551,6.7460162079633585
436,7.21,Christian Eriksen,7.138260869565219,7.207199999999999,7.133732,7.274532504001009
437,6.0,Alessandro Bastoni,6.0805,6.013900000000001,6.1138988,6.025311390280463
438,6.81,Nicolò Barella,6.784204545454545,6.801099999999998,6.9053383,6.708213722354974
439,5.88,Lautaro Martínez,6.367962962962963,6.284799999999999,6.248157,5.858213783271537
440,7.37,Victor Moses,7.368536585365854,7.668399999999999,7.676292,7.370111731919253
441,6.98,Andrea Ranocchia,6.7822499999999994,6.838400000000002,6.854349,6.744924300816925
442,6.8,Daniele Padelli,6.692588235294114,6.873399999999998,6.7857833,6.724123353353163
443,8.03,Milan Skriniar,7.229268292682928,7.444499999999997,7.6540074,8.044515438987268
444,6.63,Achraf Hakimi,6.717297297297297,6.7271,6.6979065,6.78930568101598
445,6.26,Romelu Lukaku,6.0805,6.148900000000005,6.153939,6.348466641172805
446,6.55,Roberto Gagliardini,6.692588235294114,6.777200000000001,6.768523,6.365257093384468
447,6.62,Ashley Young,6.678750000000001,6.694099999999995,6.6845245,6.565457700310517
448,6.88,Stefan de Vrij,6.982622950819672,7.026100000000001,7.005594,6.851411350981663
449,6.75,Milan Skriniar,6.717297297297297,6.680299999999999,6.595615,6.68305513935558
450,6.33,Alessandro Bastoni,6.1739622641509415,6.160500000000001,6.145271,6.310288310456442
451,6.22,Nicolò Barella,6.8656250000000005,6.835499999999995,6.582585,6.376366208357168
452,6.69,Alexis Sánchez,6.678750000000001,6.7036,6.7702055,6.529407241333015
453,6.23,Lautaro Martínez,6.0805,6.107850000000002,6.0703506,6.35837561429956
454,6.65,Christian Eriksen,6.574358974358975,6.664499999999999,6.8302155,6.637907593532917
455,6.31,Ivan Perisic,6.426938775510205,6.431,6.448037,6.354800455855744
456,6.58,Samir Handanovic,6.593999999999999,6.4238,6.4628706,6.5459813207976545
457,7.25,Andrea Pinamonti,7.2165384615384625,7.2396,7.1929803,7.264512713811748
458,7.4,Andrea Ranocchia,6.965294117647057,7.036899999999996,6.985379,7.4124419986341525
459,6.61,Daniele Padelli,6.8496969696969705,6.682200000000002,6.7027206,6.571931350755691
460,6.89,Aleksandar Kolarov,6.787166666666666,6.759599999999998,6.8551974,6.969696743230227
461,6.48,Marcelo Brozovic,6.1739622641509415,6.424500000000002,6.4802003,6.518125793555328
462,6.59,Matías Vecino,6.781315789473686,6.6831999999999985,6.6192255,6.598671882415388
463,5.59,Ionut Radu,6.367962962962963,6.306600000000006,6.3320007,5.562225723989484
464,6.4,Arturo Vidal,6.581626016260165,6.533899999999997,6.4894404,6.508945521070047
465,8.58,Stefano Sensi,8.048181818181815,7.519500000000002,7.6800427,8.56763458451511
466,6.77,Davide Di Molfetta,6.875714285714286,6.920199999999998,6.8049674,6.7760323064070995
467,7.12,Cristian Zaccardo,6.900476190476192,6.951500000000001,6.956188,6.974251534563587
468,6.14,Davide Calabria,6.203333333333334,6.229,6.0703354,6.053502107335887
469,6.69,Keisuke Honda,6.574358974358975,6.676100000000002,6.784017,6.3689735871621975
470,7.1,Suso,7.2165384615384625,7.202499999999998,7.100995,7.190875450533449
471,7.06,Adil Rami,6.982622950819672,7.023000000000001,6.9426293,7.08109428999444
472,6.44,Alex,6.614069767441865,6.582799999999997,6.614493,6.501935408938379
473,6.61,Ignazio Abate,6.433763440860214,6.493700000000003,6.588421,6.577474782132618
474,6.97,Stephan El Shaarawy,7.056964285714285,7.061699999999999,7.128116,7.013286668404256
475,6.77,Nigel de Jong,6.978035714285714,6.961300000000001,6.95323,7.0102230477467415
476,6.42,Alessandro Mastalli,6.614069767441865,6.634599999999998,6.586605,6.370368665791302
477,6.79,Sulley Muntari,6.381315789473682,6.193200000000003,6.365064,6.781363377897249
478,5.98,Philippe Mexes,6.203333333333334,6.1379000000000055,6.108628,6.108982950730179
479,6.1,Fernando Torres,6.1739622641509415,6.1909,6.164934,5.916018351703463
480,7.22,Alessio Cerci,6.991470588235295,6.984399999999996,7.1269207,7.227730312014617
481,7.23,Andrea Poli,6.8656250000000005,6.913000000000004,6.9104342,7.241472359212408
482,6.75,Christian Abbiati,6.995151515151516,7.000299999999999,7.0140486,6.582419417067072
483,6.48,Pablo Armero,6.3625,6.446699999999996,6.499034,6.4706618055713525
484,6.55,Diego López,6.678750000000001,6.685700000000002,6.75836,6.688397556778297
485,7.01,Marco van Ginkel,6.8496969696969705,6.831900000000004,6.8497396,6.991427348449213
486,6.97,Riccardo Montolivo,7.056964285714285,7.0646,7.057318,6.861636537884198
487,6.36,Salvatore Bocchetti,6.203333333333334,6.240999999999997,6.221108,6.171930055732341
488,6.28,Giampaolo Pazzini,6.275555555555554,6.318099999999999,6.2708187,6.236339132413001
489,6.6,Michael Essien,6.787166666666666,6.703800000000001,6.7014246,6.832836198320032
490,6.53,Mattia De Sciglio,6.3595000000000015,6.521399999999997,6.4188514,6.570856816466672
491,6.15,Daniele Bonera,6.381315789473682,6.210300000000001,6.1262393,6.274989580830989
492,6.92,Ignazio Abate,6.7822499999999994,6.8079,6.865924,7.0504537615536425
493,6.83,Alex,6.992183908045976,6.930699999999999,7.006458,6.63995816219771
494,7.09,Luca Antonelli,7.155526315789473,7.061600000000004,7.00721,7.194034474470048
495,6.81,Giacomo Bonaventura,6.900476190476192,6.887799999999999,6.8654585,6.798980025834494
496,6.85,Carlos Bacca,6.965294117647057,7.085799999999995,7.0790753,6.754983895437235
497,6.36,Philippe Mexes,6.381315789473682,6.1915,6.239523,6.354237659399742
498,6.51,Mattia De Sciglio,6.581626016260165,6.618699999999997,6.692368,6.475828817693986
499,6.99,Gianluigi Donnarumma,6.433763440860214,6.535699999999999,6.4772973,7.059181675689344
500,7.52,Luiz Adriano,7.229268292682928,7.170199999999998,7.2892385,7.490987167767474
501,6.41,Kevin-Prince Boateng,6.614069767441865,6.434099999999997,6.4189897,6.419479560534585
502,7.09,Riccardo Montolivo,6.426,6.542500000000003,6.628011,7.0409224142882945
503,6.06,Diego López,6.0805,6.0108500000000005,6.086527,6.135097986516526
504,6.85,Keisuke Honda,6.965294117647057,6.904199999999999,6.887619,7.083055078202015
505,7.42,Christian Abbiati,6.6135,7.126800000000002,6.9865637,7.407632143317456
506,6.44,Andrea Poli,6.4750847457627145,6.5612,6.4551415,6.141533530149967
507,7.09,Davide Calabria,6.965294117647057,6.984499999999998,7.018033,7.058673178217983
508,7.24,Andrea Bertolacci,7.247066666666666,7.195499999999998,7.11878,7.286717131955719
509,6.3,Manuel Locatelli,6.367962962962963,6.1123,6.199166,6.304816854512565
510,6.02,Antonio Nocerino,6.0805,6.066700000000001,6.111724,6.092340082785355
511,6.42,José Mauri,6.593999999999999,6.373900000000003,6.4035435,6.415595060814925
512,6.72,Nigel de Jong,6.784204545454545,6.886800000000003,6.784612,6.6091043539322225
513,6.87,Mario Balotelli,6.860833333333333,6.878399999999999,6.832988,6.938494049852135
514,6.45,Alessio Romagnoli,6.4545,6.519900000000002,6.531337,6.6475582025334035
515,6.86,Rodrigo Ely,6.690952380952379,6.639100000000002,6.641662,6.819111352151864
516,6.63,Patrick Cutrone,6.781315789473686,6.5802,6.563664,6.45518044744382
517,6.56,Mario Pasalic,6.614069767441865,6.5293999999999945,6.406403,6.586407881473119
518,7.01,Giacomo Bonaventura,6.971944444444444,6.916900000000002,6.8960166,7.051758066125108
519,6.88,Keisuke Honda,7.008888888888889,6.8329999999999975,6.7530804,6.956766780412678
520,7.72,Suso,7.645384615384617,7.442600000000001,7.5265164,7.75990917763747
521,6.73,Alessio Romagnoli,6.784204545454545,6.801600000000003,6.7324,6.767280166214183
522,6.62,Ignazio Abate,6.861333333333332,6.822499999999996,6.773709,5.979625754118329
523,7.09,Gerard Deulofeu,6.787166666666666,6.958199999999998,7.205177,7.067119600654128
524,7.04,Mattia De Sciglio,7.368536585365854,7.313299999999999,7.3106656,7.034937349036444
525,6.43,Carlos Bacca,6.781315789473686,6.588699999999999,6.4250407,6.247996542999656
526,6.79,Gianluigi Donnarumma,6.860833333333333,6.921299999999999,6.8742366,6.826713305180587
527,5.97,Manuel Locatelli,6.0805,6.121899999999998,6.029542,5.921797255541931
528,6.52,Davide Calabria,6.690952380952379,6.508500000000001,6.470304,6.575887515139853
529,6.36,Matías Fernández,6.464285714285714,6.556500000000003,6.6371255,6.415719936433094
530,6.49,Riccardo Montolivo,6.426938775510205,6.500500000000003,6.4993057,6.50456665185995
531,6.86,Gianluca Lapadula,6.614069767441865,6.700100000000001,6.781064,6.500631250784025
532,7.04,Luca Antonelli,6.965294117647057,6.959800000000001,6.893655,7.106625905562753
533,6.35,Andrea Bertolacci,6.782916666666668,6.8090000000000055,6.4421773,6.3977259812692315
534,7.12,Gustavo Gómez,6.808219178082192,6.880099999999995,6.839073,7.204102347521515
535,6.62,Leonel Vangioni,6.692588235294114,6.7189999999999985,6.687745,6.691775629682348
536,7.15,Luiz Adriano,6.676818181818181,6.8729000000000005,6.8054395,7.3536253226645565
537,6.69,Andrea Poli,6.781315789473686,6.584700000000001,6.562378,6.759301778615066
538,6.98,Juraj Kucka,6.900476190476192,6.874699999999998,6.8091664,7.022284418019164
539,7.29,José Sosa,7.008888888888889,7.086500000000002,7.231301,7.206764879617543
540,6.78,Gabriel Paletta,6.798059701492538,6.790500000000001,7.033208,6.808144658610487
541,6.35,Emanuele Torrasi,6.690952380952379,6.725400000000002,6.6955233,6.442883287197488
542,6.98,Ignazio Abate,6.995151515151516,6.863999999999997,6.8609214,7.104502026765732
543,6.12,Giacomo Bonaventura,6.203333333333334,6.111500000000002,6.0952578,6.154755246700588
544,7.33,José Mauri,7.4399999999999995,7.3114,7.198142,7.296975222769795
545,7.94,Suso,7.400799999999999,7.587799999999996,7.798675,7.937702178196667
546,6.35,Davide Calabria,6.433763440860214,6.414000000000002,6.4059834,6.3617916034806
547,6.88,Alessio Romagnoli,7.1925,7.047199999999997,6.9955606,6.966260707395548
548,7.04,Lucas Biglia,6.823809523809524,7.002399999999997,7.032891,7.176810964801845
549,6.5,Patrick Cutrone,6.614069767441865,6.623199999999997,6.695014,6.589737446104431
550,6.76,Mateo Musacchio,6.8496969696969705,6.721000000000004,6.8244786,6.784087284486844
551,6.78,Fabio Borini,6.982622950819672,6.8612000000000055,6.7793927,7.009703177041222
552,6.97,Gianluigi Donnarumma,7.056964285714285,7.052899999999998,7.0361915,6.968068316039091
553,6.87,Leonardo Bonucci,6.4750847457627145,6.554899999999999,6.511627,7.021253228263793
554,6.52,Andrea Conti,6.367962962962963,6.517600000000001,6.468912,6.52340550599932
555,6.19,Ricardo Rodríguez,6.203333333333334,6.308499999999998,6.2648463,6.137343675322804
556,6.23,Nikola Kalinic,6.426938775510205,6.415300000000001,6.4551744,6.04652599737141
557,6.67,Riccardo Montolivo,6.433763440860214,6.448999999999999,6.398045,6.768616163713174
558,7.06,André Silva,6.717297297297297,6.895799999999997,6.9954963,7.51801144964097
559,6.87,Luca Antonelli,6.798000000000001,6.726700000000001,6.8853903,6.935238113368034
560,7.0,Manuel Locatelli,7.138260869565219,7.099799999999996,7.06729,7.099666014433609
561,6.76,Giacomo Bonaventura,6.581626016260165,6.5945,6.6845984,6.656196911080848
562,6.91,Alessio Romagnoli,7.138260869565219,7.113100000000003,7.0862,7.057912698981085
563,6.44,Lucas Biglia,6.692588235294114,6.6112,6.625146,6.4927604355173765
564,7.02,Davide Calabria,6.965294117647057,6.9990000000000006,7.054417,7.00685911080415
565,6.94,Ricardo Rodríguez,6.971944444444444,6.9300999999999995,6.8719883,6.681521269416797
566,7.58,Suso,7.2165384615384625,7.410899999999999,7.5188036,7.600344822321731
567,6.84,Samu Castillejo,7.138260869565219,7.1020999999999965,7.0412326,7.0704772006736
568,6.86,Mateo Musacchio,6.965294117647057,6.926299999999997,6.896182,6.973741949994025
569,6.73,Fabio Borini,6.426938775510205,6.551499999999996,6.608959,6.719836473049841
570,6.49,Gianluigi Donnarumma,6.593999999999999,6.433799999999996,6.3898444,6.418591423114915
571,6.04,Gonzalo Higuaín,6.0805,6.083433333333333,6.0456743,6.068146048475497
572,6.76,Andrea Conti,6.823809523809524,6.917600000000001,6.8884816,6.782492475730901
573,6.27,Lucas Paquetá,6.464285714285714,6.4725,6.5575614,6.279163160717612
574,7.18,Patrick Cutrone,6.965294117647057,6.921000000000001,6.88643,7.234611381467661
575,7.23,Ignazio Abate,6.690952380952379,6.901099999999998,6.693187,7.265011373722969
576,6.76,Tiemoué Bakayoko,6.8656250000000005,6.861100000000004,6.767305,6.931235829703652
577,7.14,José Mauri,7.155526315789473,7.1416999999999975,7.1534023,7.293875852859287
578,6.33,Diego Laxalt,6.593999999999999,6.500999999999998,6.5813885,6.239390133483219
579,6.6,Lorenzo Colombo,6.861333333333332,6.776300000000003,6.7257733,6.737978930347774
580,6.92,Ante Rebic,7.2165384615384625,7.152199999999999,6.955586,6.929439162861055
581,7.61,Theo Hernández,8.048181818181815,7.638000000000006,7.7309885,7.599563978358946
582,6.83,Lucas Biglia,6.900476190476192,6.958300000000003,6.9664974,6.787518868222529
583,6.96,Suso,7.138260869565219,7.030300000000003,6.9523125,6.742706729888162
584,6.43,Davide Calabria,6.614069767441865,6.5062000000000015,6.532108,6.417924803641747
585,7.5,Giacomo Bonaventura,7.247066666666666,7.2581000000000016,7.2665067,7.4846667132374405
586,7.28,Rafael Leão,7.1925,7.0295000000000005,7.083453,7.478558941194639
587,6.77,Zlatan Ibrahimovic,6.861333333333332,6.880500000000001,6.9115334,6.9008664710915815
588,6.56,Alessio Romagnoli,6.808219178082192,6.7592,6.7521863,6.718199354446163
589,6.38,Gianluigi Donnarumma,6.367962962962963,6.4077,6.3395796,6.428405605356075
590,6.8,Marco Brescianini,6.917692307692308,7.0369,7.0623603,6.647232099920461
591,6.95,Krzysztof Piatek,7.056964285714285,6.904200000000002,6.967458,7.043873673237797
592,6.33,Ricardo Rodríguez,6.433763440860214,6.3865,6.3823967,6.49570900737038
593,6.82,Daniel Maldini,6.971944444444444,6.955000000000001,7.036627,6.847419854248341
594,7.11,André Silva,6.7822499999999994,6.831499999999998,6.8629756,7.0310943730305935
595,6.79,Andrea Conti,6.581626016260165,6.6563000000000025,6.7708106,7.122185509879174
596,6.86,Asmir Begovic,6.808219178082192,7.001399999999997,6.9714637,6.552058834200358
597,6.94,Matteo Gabbia,6.875714285714286,6.9898000000000025,6.9339786,7.075209518947473
598,7.01,Samu Castillejo,6.965294117647057,7.042199999999997,6.947568,7.1180286819007685
599,6.52,Léo Duarte,6.861333333333332,6.842900000000003,6.791491,6.570443116062618
600,6.78,Rade Krunic,6.784204545454545,6.757399999999999,6.812775,6.79511120676257
601,6.28,Alexis Saelemaekers,6.275555555555554,6.384799999999999,6.3584986,6.177281713784269
602,6.66,Lucas Paquetá,6.784204545454545,6.6695999999999955,6.634798,6.801111917834982
603,6.23,Mateo Musacchio,6.3625,6.2858,6.3654146,6.162527872751757
604,7.2,Theo Hernández,7.229268292682928,7.323399999999998,7.3853893,7.321580380699004
605,6.33,Rafael Leão,6.581626016260165,6.5273,6.527986,6.2027158384073315
606,6.75,Diogo Dalot,7.131463414634148,7.036000000000001,6.996202,6.840131428193305
607,7.03,Fikayo Tomori,7.247066666666666,7.231,7.3023934,7.06790332761277
608,6.9,Léo Duarte,6.692588235294114,6.719499999999999,6.7309685,6.7909098039554525
609,6.0,Davide Calabria,6.0805,5.940499999999995,5.964617,5.906276687338475
610,6.78,Simon Kjaer,6.7822499999999994,6.826700000000001,6.8662057,6.7901859677078935
611,6.05,Jens Petter Hauge,6.203333333333334,6.195500000000002,6.119818,6.02909640880226
612,7.59,Alessio Romagnoli,7.038000000000001,7.125599999999999,7.23632,7.528429436754154
613,6.09,Ante Rebic,6.0805,5.987300000000002,6.0891943,5.949874402346082
614,7.18,Gianluigi Donnarumma,7.131463414634148,7.086399999999998,7.033986,7.305315551085667
615,6.66,Ciprian Tatarusanu,6.861333333333332,6.7693,6.708712,6.553458701192414
616,6.78,Daniel Maldini,6.678750000000001,6.776899999999999,6.795224,6.5371558184672685
617,6.98,Rade Krunic,6.614069767441865,6.726099999999997,6.7471113,6.881826855017522
618,6.23,Zlatan Ibrahimovic,6.1739622641509415,6.183000000000004,6.085663,6.202958386360353
619,7.5,Matteo Gabbia,7.038000000000001,7.101099999999999,7.1863775,7.318486066941899
620,7.02,Alexis Saelemaekers,7.2165384615384625,7.201199999999993,7.2447824,7.06092096477841
621,6.15,Samu Castillejo,6.203333333333334,6.183100000000001,6.1724033,6.047084529795938
622,6.0,Lorenzo Colombo,6.0805,5.998050000000001,6.050505,6.137140588390124
623,7.38,Mario Mandzukic,7.138260869565219,7.2616,7.205849,7.377661740437854
624,6.55,Sandro Tonali,6.688461538461539,6.694300000000003,6.6278896,6.65276320817348
625,5.96,Ivan Strinic,6.203333333333334,6.168800000000005,6.209513,5.975276082397347
626,7.24,Sebastiano Luperto,7.056964285714285,7.1022,7.159203,7.145599588941872
627,6.75,Josip Radosevic,6.808219178082192,6.742600000000003,6.829732,6.831158427925269
628,6.68,Marek Hamsik,6.717297297297297,6.650399999999996,6.5877447,6.788074183908754
629,7.51,José Callejón,6.991470588235295,7.038099999999999,6.977051,7.631945568011673
630,6.77,Jonathan de Guzmán,7.1925,6.846000000000004,6.7881055,6.755358440357001
631,6.75,Gonzalo Higuaín,6.784204545454545,6.743100000000003,6.755149,6.968076681256841
632,6.24,Duván Zapata,6.3625,6.362300000000001,6.183689,6.187779565997916
633,7.07,David López,6.995151515151516,7.0028,7.0065117,6.797084421245434
634,6.21,Kalidou Koulibaly,6.426938775510205,6.431600000000002,6.3222027,6.214426382608208
635,6.78,Henrique,6.426,6.554200000000003,6.530394,6.805102899180675
636,7.12,Rafael Cabral,6.917692307692308,7.147499999999999,7.1250186,7.082097541868346
637,6.9,Raúl Albiol,6.784204545454545,6.724900000000006,6.8750305,6.975975547871501
638,6.62,Lorenzo Insigne,6.692588235294114,6.692199999999999,6.802511,6.673155113906904
639,6.96,Mariano Andújar,6.678750000000001,6.6983000000000015,6.772939,6.989732983400287
640,6.51,Gökhan Inler,6.584999999999999,6.4483333333333395,6.535645,6.422964172550111
641,6.88,Dries Mertens,6.584999999999999,6.364840000000002,6.326023,6.8457712863989135
642,6.32,Michu,6.8496969696969705,6.581999999999997,6.4892726,6.320140856542136
643,8.52,Christian Maggio,7.645384615384617,7.703700000000001,7.6648035,8.515937722213678
644,5.56,Faouzi Ghoulam,6.578888888888889,6.579000000000003,6.616563,5.59508294737833
645,6.35,Miguel Britos,6.574358974358975,6.510600000000003,6.464172,6.189283870793319
646,7.16,Giandomenico Mesto,6.845909090909092,6.939099999999996,7.138569,7.176196044594976
647,7.34,Walter Gargano,7.229268292682928,7.2171,7.143862,7.3304823258786245
648,6.16,Jorginho,6.426,6.353799999999998,6.393921,6.148657194640733
649,6.38,Raúl Albiol,6.574358974358975,6.411299999999999,6.3457274,6.706520898809212
650,6.96,Marek Hamsik,6.8496969696969705,6.940899999999999,6.9270597,7.097486561455653
651,6.93,Vlad Chiriches,6.860833333333333,6.901400000000002,6.892167,6.836581565984061
652,5.98,Lorenzo Insigne,6.0805,5.9454999999999965,6.062254,6.00123245857874
653,6.1,José Callejón,6.0805,6.0539666666666685,5.9327464,5.931599322378857
654,6.0,Gonzalo Higuaín,6.0805,5.9879999999999995,6.0640264,5.949480215164754
655,6.72,Faouzi Ghoulam,6.982622950819672,6.939700000000003,6.9188147,6.647588339802297
656,7.57,Nathaniel Chalobah,7.138260869565219,7.189400000000003,7.1839633,7.57543792535927
657,6.56,Elseid Hysaj,6.676818181818181,6.882999999999998,6.734953,6.370994714136601
658,7.19,Manolo Gabbiadini,7.247066666666666,7.174200000000003,7.089101,7.159918536081072
659,6.93,Allan,6.798059701492538,6.795999999999998,6.798119,6.816288903434594
660,6.67,David López,6.787166666666666,6.8313000000000015,6.8937864,6.314602075428217
661,6.72,Dries Mertens,6.581626016260165,6.5921999999999965,6.60563,6.627201105213129
662,6.8,Christian Maggio,6.784204545454545,6.780400000000001,6.7507176,6.703182336071936
663,6.54,Omar El Kaddouri,6.614069767441865,6.550699999999998,6.523781,6.387413508882729
664,7.07,Mirko Valdifiori,7.138260869565219,7.0986,7.0564165,7.33144092238776
665,6.7,Ivan Strinic,6.733636363636363,6.839000000000001,6.694353,6.553858462710538
666,6.83,Jorginho,6.381315789473682,6.255100000000001,6.440641,6.84676120613245
667,6.76,Kalidou Koulibaly,6.8496969696969705,7.016699999999995,6.9887085,6.7716533020011695
668,6.36,Nikola Maksimovic,6.464285714285714,6.3889,6.339568,6.543877332638608
669,6.95,Marek Hamsik,6.860833333333333,6.8553999999999995,6.890409,6.786814536009702
670,6.61,Lorenzo Tonelli,6.574358974358975,6.513900000000002,6.5183773,6.765697791567657
671,6.68,Lorenzo Insigne,6.609148936170212,6.644700000000005,6.7164264,6.780782965718489
672,7.08,Vlad Chiriches,6.688461538461539,6.868100000000003,6.7828975,7.182973615459359
673,6.82,Dries Mertens,6.6135,6.1928,6.139414,6.7738040610659445
674,5.67,José Callejón,6.3595000000000015,6.023699999999996,6.141403,5.511004834606793
675,6.79,Piotr Zielinski,6.808219178082192,6.773199999999998,6.8125877,6.6682553835218785
676,6.29,Allan,6.426938775510205,6.3374000000000015,6.345724,6.154062317179338
677,6.4,Kalidou Koulibaly,6.4750847457627145,6.4670000000000005,6.419456,6.415368831708891
678,6.66,Faouzi Ghoulam,6.917692307692308,6.9436000000000035,6.9009175,6.611750170267287
679,6.68,Arkadiusz Milik,6.971944444444444,6.832800000000001,6.826268,6.768011126893949
680,6.22,Ivan Strinic,6.381315789473682,6.204700000000006,6.261961,6.229063243850034
681,6.34,Rafael Cabral,6.433763440860214,6.414099999999999,6.3339057,6.328336413512602
682,6.65,Elseid Hysaj,6.464285714285714,6.5311,6.492441,6.59628885611857
683,6.1,Raúl Albiol,6.275555555555554,6.318100000000002,6.2444444,5.876211587907521
684,6.78,Jorginho,6.798059701492538,6.787500000000002,6.849486,6.849145045990153
685,6.34,Emanuele Giaccherini,6.275555555555554,6.348500000000005,6.365166,6.571186942478174
686,6.83,Christian Maggio,7.056964285714285,6.846000000000004,6.9099073,7.140119950650293
687,7.02,Manolo Gabbiadini,6.676818181818181,6.7977,6.8754535,6.916491585118425
688,6.8,Amadou Diawara,6.965294117647057,6.880900000000001,6.952901,6.833129197360572
689,7.38,Marko Rog,6.992183908045976,7.035400000000001,7.109896,7.436283336646599
690,7.23,Mário Rui,7.056964285714285,7.0695000000000014,7.14054,7.02887298325408
691,6.63,Lorenzo Tonelli,6.861333333333332,6.8059,6.811883,6.540425011407577
692,6.64,Amadou Diawara,6.7822499999999994,6.877200000000001,6.8558636,6.527802169089816
693,6.15,Faouzi Ghoulam,6.275555555555554,6.332100000000002,6.3131113,5.927654064232085
694,6.46,Kalidou Koulibaly,6.614069767441865,6.524399999999996,6.4732704,6.518274955115001
695,7.38,Raúl Albiol,6.982622950819672,7.0120999999999984,6.972079,7.512815346529934
696,6.58,Arkadiusz Milik,6.593999999999999,6.541099999999997,6.5131454,6.5161043486278665
697,6.24,Marek Hamsik,6.0805,6.4353,6.523604,6.101946913393315
698,6.46,Dries Mertens,6.581626016260165,6.5024,6.485422,6.4690073856185775
699,6.78,José Callejón,6.784204545454545,6.8519000000000005,6.8357935,6.807168168535192
700,7.08,Allan,6.733636363636363,6.740999999999998,6.8673573,7.043239815126613
701,5.99,Lorenzo Insigne,6.0805,6.116050000000002,5.969235,5.98398583466023
702,6.06,Jorginho,6.0805,6.258499999999998,6.221342,6.074512957071336
703,6.7,Piotr Zielinski,6.574358974358975,6.566399999999998,6.5661187,6.740106290112585
704,7.07,Luigi Sepe,6.965294117647057,6.756900000000002,6.8149805,7.14049660259454
705,6.39,Vlad Chiriches,6.275555555555554,6.3849,6.5071945,6.298866716531071
706,6.56,Elseid Hysaj,6.678750000000001,6.678500000000001,6.6648974,6.594443126191864
707,6.89,Nikola Maksimovic,6.978035714285714,7.015199999999997,6.9731016,6.83463239487583
708,6.73,Marko Rog,6.4750847457627145,6.614800000000002,6.6154013,6.816968586291502
709,6.64,Christian Maggio,6.614069767441865,6.624500000000003,6.6296077,6.563846444869743
710,7.79,Adam Ounas,7.645384615384617,7.644000000000001,7.789922,7.775276627301253
711,7.63,Gianluca Gaetano,7.247066666666666,7.284,7.27719,7.461927529746175
712,6.48,Raúl Albiol,6.433763440860214,6.5184999999999995,6.6406426,6.69040556587102
713,6.81,Kalidou Koulibaly,6.965294117647057,6.882599999999997,6.924981,6.7643087936858235
714,6.97,Elseid Hysaj,6.965294117647057,6.908,6.9179144,6.9874339133512
715,7.53,Piotr Zielinski,7.4399999999999995,7.796499999999998,7.9844165,7.530944939571712
716,6.65,Dries Mertens,6.614069767441865,6.663799999999998,6.7155957,6.820723889214581
717,6.67,Amin Younes,6.971944444444444,6.8248,6.731782,6.806071405620374
718,5.86,Faouzi Ghoulam,6.426,6.566400000000004,6.5342317,6.159188592282901
719,6.43,Arkadiusz Milik,6.4750847457627145,6.4343,6.4107137,6.495564806177728
720,6.85,José Callejón,6.808219178082192,6.8442,6.8655725,6.382274270467611
721,6.56,Mário Rui,6.4750847457627145,6.570099999999999,6.519065,6.297937528602226
722,6.61,Lorenzo Insigne,6.965294117647057,6.875099999999999,6.8613,6.517221107757121
723,7.15,Marko Rog,6.784204545454545,6.9483999999999995,6.862486,7.1200627484342744
724,6.76,Kevin Malcuit,6.982622950819672,6.906899999999999,6.894219,6.6838479804367275
725,6.4,Simone Verdi,6.690952380952379,6.801100000000003,6.817538,6.522501204055785
726,7.12,David Ospina,6.433763440860214,6.545200000000001,6.559457,7.1310887574223685
727,6.9,Orestis Karnezis,6.875714285714286,6.9090000000000025,6.9392433,6.841035983350609
728,6.91,Nikola Maksimovic,6.781315789473686,6.7631,6.9141364,7.104348517443757
729,7.49,Allan,7.1925,7.130499999999997,7.247699,7.513208492225809
730,7.54,Adam Ounas,7.400799999999999,7.351499999999998,7.462213,7.521684226768031
731,7.13,Marek Hamsik,6.917692307692308,7.0631,7.089267,7.083448623896868
732,6.72,Vlad Chiriches,6.808219178082192,6.832200000000004,6.8583775,6.699956723210031
733,6.81,Alex Meret,6.900476190476192,6.806700000000001,6.763988,6.692674216605406
734,7.1,Sebastiano Luperto,6.917692307692308,7.056200000000002,7.0359197,7.2607128950301885
735,6.79,Amadou Diawara,6.574358974358975,6.8043000000000005,6.808632,6.717506105143815
736,6.15,Elseid Hysaj,6.203333333333334,6.142600000000005,6.1365013,6.186599934875758
737,6.92,Giovanni Di Lorenzo,6.692588235294114,6.883200000000001,6.858173,7.037380206407359
738,6.7,Allan,7.008888888888889,6.895000000000001,6.771672,6.403163510021064
739,6.53,Nikola Maksimovic,6.203333333333334,6.389999999999997,6.4299703,6.679951959397995
740,6.97,Lorenzo Insigne,6.860833333333333,6.985800000000004,6.942529,6.997517768218495
741,6.58,Kostas Manolas,6.717297297297297,6.649,6.5736327,6.964802726901822
742,6.71,Dries Mertens,6.614069767441865,6.617799999999999,6.6832643,6.579876619257541
743,6.59,José Callejón,6.275555555555554,6.389500000000003,6.3847284,6.5973728504053355
744,6.68,Arkadiusz Milik,6.991470588235295,6.774099999999997,6.72777,6.753347470535587
745,6.35,Piotr Zielinski,6.614069767441865,6.474899999999999,6.457902,6.289334308014772
746,6.61,Diego Demme,6.787166666666666,6.789300000000001,6.73655,6.619719723656938
747,6.8,Alex Meret,6.992183908045976,7.042399999999998,7.0825977,6.897161029978585
748,7.02,David Ospina,6.971944444444444,7.0230999999999995,6.9980206,7.238684674901531
749,7.19,Hirving Lozano,6.965294117647057,6.963400000000002,7.0322094,7.1491246266984945
750,6.18,Mário Rui,6.688461538461539,6.403099999999999,6.290416,6.186176121403953
751,6.22,Kevin Malcuit,6.3625,6.248600000000002,6.246394,6.123235180632583
752,7.02,Fernando Llorente,7.138260869565219,7.0991999999999935,7.023172,6.7305596232375855
753,6.43,Amin Younes,6.692588235294114,6.648899999999998,6.661166,6.318976125858383
754,7.4,Faouzi Ghoulam,7.2165384615384625,7.316599999999995,7.2759776,7.419707420785427
755,5.97,Stanislav Lobotka,6.0805,6.133399999999998,6.0961947,6.105362998293045
756,6.34,Sebastiano Luperto,6.798000000000001,6.751400000000001,6.7547154,6.422837373996286
757,6.71,Eljif Elmas,6.690952380952379,6.651300000000003,6.575054,6.9706106827482435
758,6.55,Kalidou Koulibaly,6.581626016260165,6.607,6.591329,6.478494917144436
759,6.39,David Ospina,6.4750847457627145,6.508099999999997,6.5624146,6.172977923030776
760,6.31,Antonio Cioffi,6.426938775510205,6.370900000000003,6.397108,6.243702162820519
761,7.01,Piotr Zielinski,7.2165384615384625,7.222800000000006,7.1204944,6.941582396717908
762,6.26,Lorenzo Insigne,6.1739622641509415,6.196949999999999,6.1878686,6.224719392312636
763,6.17,Dries Mertens,6.426938775510205,6.240200000000002,6.227926,6.069942944375432
764,5.6,Amir Rrahmani,6.381315789473682,6.243300000000001,6.257641,5.573940487853874
765,6.68,Giovanni Di Lorenzo,6.678750000000001,6.854199999999994,6.81167,6.867095762433604
766,5.97,Hirving Lozano,6.0805,6.059408333333328,6.057047,5.982430541629625
767,6.94,Diego Demme,6.678750000000001,6.625400000000003,6.650089,6.803356111580611
768,6.99,Elseid Hysaj,7.369,6.997799999999997,7.0216174,6.90790127224961
769,6.25,Matteo Politano,6.1739622641509415,6.154099999999997,6.1942954,6.226712034657381
770,6.65,Tiemoué Bakayoko,6.574358974358975,6.642100000000002,6.7737355,6.5925434464393655
771,5.41,Alex Meret,6.782916666666668,6.733200000000007,6.637001,5.512397802202584
772,6.91,Victor Osimhen,6.614069767441865,6.598599999999999,6.690592,6.951882598724565
773,6.52,Mário Rui,6.7822499999999994,6.8049,6.7286367,6.375041552515505
774,6.26,Andrea Petagna,6.426938775510205,6.5123000000000015,6.5037947,6.370812785903771
775,6.62,Nikola Maksimovic,6.574358974358975,6.4374999999999964,6.3843956,6.8582330211536595
776,7.09,Eljif Elmas,6.678750000000001,6.702599999999998,6.7234693,7.104675281506657
777,6.66,Kostas Manolas,6.784204545454545,6.878000000000001,6.8957195,6.498322570676349
778,7.0,Stanislav Lobotka,6.995151515151516,6.876000000000001,6.8162847,7.043587919111807
779,7.01,Faouzi Ghoulam,6.0805,6.110600000000001,6.224137,7.147563325167126
780,6.71,Kalidou Koulibaly,6.845909090909092,6.7352000000000025,6.707605,6.75549931992558
781,6.52,Morgan De Sanctis,6.581626016260165,6.549099999999999,6.5405912,6.509285280852479
782,6.12,Mapou Yanga-Mbiwa,6.203333333333334,6.150800000000003,6.177833,6.056428919992455
783,6.28,Leandro Paredes,6.1739622641509415,6.1656,6.256868,6.371329879526043
784,7.06,José Holebas,6.574358974358975,6.7148,6.938774,7.164058363684259
785,6.88,Alessandro Florenzi,6.971944444444444,7.043599999999998,6.9936414,6.93675663769921
786,6.72,Adem Ljajic,6.982622950819672,6.9815,6.984393,6.523704080757663
787,7.16,Francesco Totti,6.982622950819672,6.983800000000006,7.0360274,7.216399667270978
788,6.47,Lorenzo Pellegrini,6.574358974358975,6.575299999999996,6.573167,6.425941749344179
789,6.84,Seydou Keita,6.992183908045976,7.012399999999997,7.0286403,6.718763198543208
790,7.29,Gervinho,7.155526315789473,7.194499999999998,7.289744,7.325191633171319
791,6.69,Maicon,6.690952380952379,6.610399999999999,6.5149007,6.546921646653842
792,6.91,Federico Balzaretti,6.614069767441865,6.663200000000004,6.627861,6.832511758038237
793,6.53,Nicolás Spolli,6.433763440860214,6.5165,6.412741,6.449255930301362
794,6.6,Vasilis Torosidis,6.733636363636363,6.696999999999998,6.7383256,6.70716975921987
795,6.06,Ashley Cole,6.3625,6.241699999999998,6.2154174,6.025642047831555
796,6.93,Seydou Doumbia,7.056964285714285,7.1124,7.0975103,6.902692539404387
797,7.12,Davide Astori,6.787166666666666,6.873300000000001,6.9067993,7.106842584510153
798,7.45,Lukasz Skorupski,6.787166666666666,6.8948,7.080175,7.671573975742243
799,6.71,Kevin Strootman,6.433763440860214,6.618899999999999,6.4532137,6.560932754051356
800,7.08,Juan Iturbe,6.995151515151516,7.0303,6.9872746,7.214756552466214
801,7.34,Miralem Pjanic,7.008888888888889,7.045499999999999,7.1168585,7.557686558195865
802,7.39,Daniele Verde,7.056964285714285,7.1019,6.9836164,7.410102505668154
803,7.2,Antonio Sanabria,6.965294117647057,7.1156000000000015,7.104889,7.143690038412588
804,6.92,Radja Nainggolan,6.688461538461539,6.658399999999997,6.7356257,6.904135926648074
805,6.95,Daniele De Rossi,6.900476190476192,7.064300000000002,7.012405,6.9258558475389025
806,7.07,Kostas Manolas,6.965294117647057,7.001999999999998,7.05766,7.084719681298441
807,6.96,Marco Tumminello,6.784204545454545,6.931000000000006,6.8736014,7.042114455045641
808,6.95,Lucas Digne,6.965294117647057,6.893900000000005,7.0242815,7.333978385269713
809,7.48,Alessandro Florenzi,7.008888888888889,7.0613,7.2154984,7.547235223984669
810,6.56,Stephan El Shaarawy,6.614069767441865,6.567799999999998,6.5032988,6.694612191515002
811,7.57,Kostas Manolas,7.645384615384617,7.589899999999999,7.6534076,7.54277967579157
812,7.05,Daniele De Rossi,6.978035714285714,6.904599999999999,6.887205,7.208695985827788
813,7.65,Gervinho,7.4399999999999995,7.549999999999999,7.6345387,7.623397288603862
814,6.54,Mohamed Salah,6.581626016260165,6.651299999999997,6.595017,6.5528829980067105
815,6.08,Francesco Totti,6.782916666666668,7.135900000000009,6.702221,6.151511682186352
816,6.6,William Vainqueur,6.798059701492538,6.798499999999993,6.796312,6.497024993855844
817,6.44,Iago Falque,6.433763440860214,6.450299999999999,6.4205685,6.652435306866309
818,6.03,Miralem Pjanic,6.0805,5.880299999999992,5.986485,5.945564958468039
819,6.51,Antonio Rüdiger,6.433763440860214,6.507700000000001,6.5068097,6.490579311690082
820,6.79,Lorenzo Di Livio,6.978035714285714,7.0729999999999995,6.971611,6.6564855872278965
821,6.63,Maicon,6.787166666666666,6.732999999999997,6.673362,6.467204910846187
822,7.07,Emerson,6.965294117647057,7.087799999999999,7.138234,7.179716338481924
823,6.62,Wojciech Szczesny,6.982622950819672,6.925200000000001,6.927267,6.717224103118854
824,6.01,Umar Sadiq,6.203333333333334,6.046500000000002,6.074646,5.963427668582837
825,7.85,Kevin Strootman,8.048181818181815,7.864400000000005,7.825767,7.852464757539532
826,6.66,Edin Dzeko,6.676818181818181,6.858700000000002,6.9322844,6.711383521545927
827,6.12,Morgan De Sanctis,6.426938775510205,6.5519,6.5324874,6.172784924919882
828,6.82,Juan Iturbe,6.917692307692308,6.897700000000003,6.899576,7.038021349353701
829,6.81,Seydou Keita,7.138260869565219,7.0646,7.0241895,6.87451120573349
830,7.09,Norbert Gyömbér,6.8496969696969705,6.952500000000002,7.023379,7.07626712926582
831,6.96,Radja Nainggolan,6.808219178082192,7.0067999999999975,6.999261,6.980265434343327
832,6.63,Vasilis Torosidis,6.875714285714286,6.730199999999997,6.6344905,6.590556483527413
833,6.97,Daniele De Rossi,7.155526315789473,7.1121000000000025,7.0738406,6.974349590852473
834,7.05,Kostas Manolas,6.692588235294114,6.666099999999999,6.741307,7.178963994554469
835,6.64,Leandro Paredes,6.581626016260165,6.616600000000003,6.597696,7.0129082091022035
836,6.98,Federico Fazio,6.609148936170212,6.756,6.6552105,7.001423963479553
837,6.86,Radja Nainggolan,6.678750000000001,6.765599999999995,6.8354163,6.726955964222085
838,6.33,Mohamed Salah,6.614069767441865,6.528199999999998,6.4910116,6.296699656809842
839,6.84,Bruno Peres,6.917692307692308,6.907399999999999,6.876514,6.721623721721365
840,6.63,Edin Dzeko,6.4750847457627145,6.4951000000000025,6.4818025,6.437084654187995
841,7.07,Alessandro Florenzi,6.992183908045976,7.084899999999994,7.1377573,7.085165088445165
842,6.26,Stephan El Shaarawy,6.614069767441865,6.4686,6.403525,6.186309309918437
843,6.98,Wojciech Szczesny,6.823809523809524,6.9341,6.824434,7.1451714909931106
844,7.05,Emerson,6.965294117647057,7.087000000000004,7.0762944,7.011302528741059
845,6.05,Diego Perotti,6.1739622641509415,6.260999999999998,6.3542786,6.032444483593585
846,6.63,Kevin Strootman,6.692588235294114,6.801099999999998,6.7800217,6.332630842304129
847,6.53,Mário Rui,6.581626016260165,6.613900000000004,6.517483,6.49378917464153
848,6.43,Antonio Rüdiger,7.008888888888889,6.882500000000006,6.8250723,6.414053604762105
849,6.1,Francesco Totti,6.0805,6.138800000000001,6.114165,6.13160052301309
850,7.05,Thomas Vermaelen,6.614069767441865,6.663299999999997,6.6483345,6.945345441940657
851,6.92,Gerson,6.875714285714286,6.909000000000001,6.9436226,6.884840839404763
852,6.75,Clément Grenier,6.798000000000001,6.829,6.653174,6.967622035548688
853,6.81,Juan Jesus,7.047272727272728,7.093799999999998,7.0051,6.761271269868516
854,6.96,Emerson,6.965294117647057,7.041399999999999,6.9945645,6.780460272570728
855,7.24,Aleksandar Kolarov,6.995151515151516,6.908800000000003,6.958554,7.242154449150452
856,7.21,Diego Perotti,6.860833333333333,6.878799999999999,6.730946,7.148055566017589
857,7.27,Kostas Manolas,7.056964285714285,7.1622,7.1739364,7.241084374490726
858,6.98,Alessandro Florenzi,6.798000000000001,6.823,6.7519484,6.9902764097391445
859,7.4,Cengiz Ünder,6.965294117647057,6.873899999999997,6.981931,7.314452095675457
860,6.33,Edin Dzeko,6.688461538461539,6.625200000000001,6.546248,6.434123794223863
861,7.27,Stephan El Shaarawy,6.978035714285714,7.039799999999999,7.024734,7.383217414231507
862,6.0,Mirko Antonucci,6.0805,6.0395999999999965,6.071464,5.904644799843424
863,7.02,Federico Fazio,6.971944444444444,6.937100000000002,6.915566,7.093586216446584
864,6.28,Daniele De Rossi,6.275555555555554,6.337199999999999,6.349749,6.235402849866603
865,6.53,Gerson,6.426938775510205,6.351999999999999,6.482251,6.716765150181008
866,6.73,Rick Karsdorp,7.038000000000001,6.875199999999996,6.889887,6.709064305171909
867,7.57,Alisson,7.2165384615384625,7.151499999999999,7.2561483,7.707025080568865
868,6.04,Lorenzo Pellegrini,6.0805,6.014200000000004,6.0270023,5.991985389982388
869,6.1,Radja Nainggolan,6.381315789473682,6.147999999999999,6.015219,5.980168226858765
870,6.37,Lukasz Skorupski,6.203333333333334,6.215800000000004,6.1489177,6.386359670713503
871,6.91,Maxime Gonalons,6.992183908045976,6.991099999999997,7.0089097,7.048832301541564
872,7.04,Patrik Schick,6.917692307692308,7.066599999999998,7.050615,7.083416199504043
873,7.29,Jonathan Silva,7.2165384615384625,7.229100000000002,7.337228,7.327776369529858
874,6.94,Gregoire Defrel,6.845909090909092,6.817199999999997,6.8712153,6.936260745899856
875,6.78,Bruno Peres,6.808219178082192,6.713299999999997,6.7516613,6.745696489383275
876,6.36,Héctor Moreno,6.203333333333334,6.300900000000005,6.22383,6.315778814882153
877,7.01,Elio Capradossi,6.978035714285714,7.0177999999999985,7.014379,6.8473175804967745
878,6.45,Kevin Strootman,6.275555555555554,6.263600000000001,6.3779736,6.389991066132027
879,7.0,Juan Jesus,6.784204545454545,6.835400000000005,6.756165,6.973631154753743
880,6.69,Zan Celar,6.861333333333332,6.778999999999999,6.779964,6.606710865585528
881,6.78,Diego Perotti,6.900476190476192,6.910100000000001,6.8908825,6.675030145404475
882,6.86,Rick Karsdorp,7.008888888888889,6.925600000000007,6.927334,6.993238229794548
883,7.15,Daniele De Rossi,7.138260869565219,7.008699999999999,7.093412,7.271379463933646
884,6.01,Kostas Manolas,6.203333333333334,6.079300000000001,6.0378914,5.976396289545973
885,6.71,Stephan El Shaarawy,6.875714285714286,6.937400000000001,6.876185,6.64613036856735
886,6.42,Alessandro Florenzi,6.781315789473686,6.528799999999999,6.3633757,6.700843278012554
887,6.32,Juan Jesus,6.609148936170212,6.537600000000003,6.287584,6.4073822213136475
888,6.65,Aleksandar Kolarov,6.733636363636363,6.623900000000001,6.6595163,6.747413216797733
889,7.41,Federico Fazio,7.131463414634148,7.0432999999999995,7.065793,7.307133757158242
890,6.86,Cengiz Ünder,7.247066666666666,7.096700000000002,7.239432,6.705168472830374
891,6.79,Davide Santon,6.787166666666666,6.8471,6.7295723,6.742276534649703
892,7.1,Edin Dzeko,7.138260869565219,7.207199999999997,7.19224,7.0654420037911025
893,7.09,Kevin Strootman,7.229268292682928,7.1222,7.0607357,6.999307951310404
894,6.75,Robin Olsen,6.861333333333332,6.753800000000004,6.7243004,6.751143056226874
895,6.89,Ante Coric,6.609148936170212,6.7704,6.6422524,7.057886966794412
896,7.02,Justin Kluivert,6.860833333333333,6.913400000000004,6.988786,6.9251473152288785
897,8.48,Antonio Mirante,8.048181818181815,8.5351,8.521309,8.477062481245685
898,7.07,Iván Marcano,6.991470588235295,6.8715,6.9444904,7.059393640682523
899,6.65,Lorenzo Pellegrini,6.1739622641509415,6.287200000000002,6.3426323,6.595716458596263
900,7.63,Javier Pastore,7.1925,7.302700000000002,7.4120474,7.60580754007559
901,6.59,Patrik Schick,6.692588235294114,6.600199999999997,6.6664577,6.744873460256101
902,6.48,Bryan Cristante,6.464285714285714,6.487100000000003,6.5965075,6.414649495051158
903,6.52,Chris Smalling,6.845909090909092,6.752900000000003,6.6673813,6.495605727700151
904,6.57,Bruno Peres,6.678750000000001,6.637400000000003,6.661252,6.3722473560149755
905,6.63,Aleksandar Kolarov,6.614069767441865,6.754500000000002,6.848363,6.5152892234129745
906,6.27,Nikola Kalinic,6.433763440860214,6.540299999999999,6.4849687,6.1677189616123265
907,8.0,Federico Fazio,7.645384615384617,8.168899999999995,8.331116,7.999714144641862
908,6.54,Amadou Diawara,6.678750000000001,6.7164,6.8092766,6.684670348881851
909,7.03,Edin Dzeko,6.845909090909092,6.730299999999996,6.720789,7.085777670136781
910,6.61,Leonardo Spinazzola,6.1739622641509415,6.304300000000004,6.3619347,6.6185138457008135
911,7.34,Henrikh Mkhitaryan,7.138260869565219,7.171699999999996,7.1316657,6.783849481472894
912,6.63,Bryan Cristante,6.798000000000001,6.704299999999996,6.7887893,6.679224683690955
913,6.27,Jordan Veretout,6.782916666666668,6.705200000000002,6.668756,6.25035463832448
914,7.14,Pau López,6.823809523809524,6.964599999999997,6.96521,6.907319325030066
915,6.77,Daniel Fuzato,6.995151515151516,6.854499999999999,6.7211704,6.768564830575561
916,6.54,Davide Zappacosta,6.581626016260165,6.570900000000003,6.6630726,6.713722386759412
917,6.76,Antonio Mirante,6.676818181818181,6.7856,6.7415032,6.670987875062631
918,6.87,Cengiz Ünder,6.614069767441865,6.633399999999999,6.7630477,6.983743251728422
919,6.45,Riccardo Calafiori,6.581626016260165,6.562899999999994,6.4789658,6.460595810678065
920,6.77,Alessandro Florenzi,6.781315789473686,6.727199999999999,6.6270094,6.579001691773341
921,7.19,Diego Perotti,7.247066666666666,7.1758999999999995,7.20513,7.197957238601426
922,7.16,Carles Pérez,8.048181818181815,7.383000000000001,7.339019,7.154620606787119
923,7.27,Justin Kluivert,7.138260869565219,7.195499999999999,7.1809144,7.280589021766008
924,6.8,Javier Pastore,6.614069767441865,6.718800000000001,6.8353324,6.912547583709436
925,7.65,Lorenzo Pellegrini,8.048181818181815,7.703799999999998,7.791495,7.648463276814958
926,7.09,Juan Jesus,7.2165384615384625,7.294799999999998,7.2947054,7.140955106471756
927,6.12,Mirko Antonucci,6.203333333333334,6.2749,6.1144686,6.047277066301966
928,6.88,Ibañez,6.784204545454545,6.892800000000002,6.943798,6.695493027801906
929,6.57,Davide Santon,6.581626016260165,6.526,6.505606,6.559528384279528
930,7.1,Gonzalo Villar,6.692588235294114,6.854699999999998,6.7801414,7.1735543011262
931,6.6,Gianluca Mancini,6.991470588235295,6.902000000000006,6.8928485,6.581163128954486
932,7.44,Federico Fazio,7.400799999999999,7.239799999999995,7.228846,7.435869373766263
933,6.32,Nicola Zalewski,6.4750847457627145,6.381100000000001,6.3357253,6.161121233997248
934,7.15,Jordan Veretout,7.047272727272728,7.1621999999999995,7.2085466,6.929022093102808
935,7.3,Edoardo Bove,7.247066666666666,7.243099999999998,7.338937,7.243310983592146
936,6.96,Leonardo Spinazzola,6.861333333333332,6.894999999999999,6.8262076,7.149521643210749
937,6.68,Henrikh Mkhitaryan,6.614069767441865,6.726599999999998,6.651153,6.606521958299868
938,6.12,Rick Karsdorp,6.203333333333334,6.127699999999997,6.0926332,6.127400482632566
939,6.57,Justin Kluivert,6.433763440860214,6.548599999999999,6.491735,6.5822649750846685
940,6.66,Borja Mayoral,6.978035714285714,6.9415,6.9372845,6.637030819520062
941,6.44,Bryan Cristante,6.426938775510205,6.534599999999999,6.5153804,6.377080322507751
942,7.2,Gianluca Mancini,7.247066666666666,7.192699999999998,7.2013583,7.3788193971736025
943,6.58,Stephan El Shaarawy,6.808219178082192,6.7619,6.7444935,6.661277297124742
944,6.17,Edin Dzeko,6.3625,6.326199999999997,6.2182994,6.146250898163194
945,6.59,Lorenzo Pellegrini,6.678750000000001,6.6235,6.6095176,6.88693760646997
946,6.93,Chris Smalling,7.1925,7.029099999999999,7.1231947,7.0487261769263085
947,6.46,Pau López,6.845909090909092,6.6667,6.7858324,6.517131380609881
948,7.02,Davide Santon,6.917692307692308,7.0437999999999965,6.9505277,7.122323544272133
949,6.84,Daniel Fuzato,6.8496969696969705,6.831300000000003,6.81627,6.862808788193709
950,6.92,Antonio Mirante,6.860833333333333,6.822300000000005,6.884776,6.687466101935116
951,5.46,Pedro,6.426,6.4852000000000025,6.543192,5.408210708772045
952,7.16,Bruno Peres,7.138260869565219,7.098600000000001,7.164968,7.173008103865362
953,6.75,Marash Kumbulla,6.717297297297297,6.6402,6.678098,6.427092151592807
954,6.32,Carles Pérez,6.426,6.505049999999994,6.432757,6.363592725538566
955,6.9,Ebrima Darboe,7.229268292682928,7.167599999999998,7.1114044,6.835004849366545
956,7.24,Bryan Reynolds,6.900476190476192,6.942299999999997,6.9248595,7.2440118199607655
957,6.06,Juan Jesus,6.203333333333334,6.211000000000002,6.1108365,6.005408250730951
958,6.64,Javier Pastore,6.676818181818181,6.912900000000003,6.869937,6.559403352695602
959,6.48,Gonzalo Villar,6.676818181818181,6.758799999999997,6.656689,6.425895005854694
960,7.09,Amadou Diawara,7.247066666666666,7.189000000000001,7.1048436,7.031566940380115
961,6.36,Riccardo Calafiori,6.4750847457627145,6.459200000000001,6.4711185,6.234701794262979
962,6.69,Ibañez,6.676818181818181,6.742499999999999,6.7210817,6.705394262217205
963,6.52,Davide Zappacosta,6.4545,6.509900000000003,6.5468183,6.468062692357162
964,6.38,Cristian Raimondi,6.676818181818181,6.8452,6.8316135,6.314445969355701
965,6.71,Guglielmo Stendardo,6.581626016260165,6.654599999999999,6.8420935,6.7690932564481505
966,7.32,Maximiliano Moralez,7.038000000000001,7.1547999999999945,7.3951926,7.279287666307111
967,6.71,Boukary Dramé,6.678750000000001,6.6781,6.6804476,6.685220292455184
968,6.56,Cristiano Del Grosso,6.426938775510205,6.492599999999999,6.465948,6.7195297768517
969,6.78,Giuseppe Biava,6.798000000000001,6.8420000000000005,6.790943,6.816148972236804
970,6.43,Marcelo Estigarribia,6.845909090909092,6.7764999999999995,6.647105,6.440440992948694
971,7.1,Marco Sportiello,6.808219178082192,6.946999999999999,6.971214,7.140561786842659
972,7.2,Nicolò Cherubin,7.2165384615384625,7.109699999999998,7.051889,7.181285078806228
973,6.52,Andrea Masiello,6.781315789473686,6.593100000000003,6.5522814,6.594818519101775
974,7.35,Germán Denis,6.992183908045976,6.966600000000002,7.023687,7.4518254304880545
975,6.73,Alberto Grassi,6.798059701492538,6.8091,6.856744,6.661010082385397
976,6.97,Leonardo Spinazzola,6.692588235294114,6.7644,6.7720513,6.672322711616558
977,6.74,Giorgio Frezzolini,6.367962962962963,6.712700000000007,6.4423676,6.714759644350479
978,6.65,Lorenzo Rosseti,6.845909090909092,6.8119,6.7502904,6.674970720043871
979,7.17,Gianpaolo Bellini,7.229268292682928,7.418599999999998,7.45096,7.243464828014336
980,6.58,Salvatore Molina,6.717297297297297,6.614999999999998,6.67609,6.584602231596735
981,7.01,Daniele Baselli,7.229268292682928,7.039099999999999,7.016916,7.033252762285078
982,7.19,Richmond Boakye,6.7822499999999994,6.909900000000002,6.9433994,7.4612131016427625
983,7.04,Lionel Scaloni,7.056964285714285,7.020999999999997,7.0545554,7.067708734041344
984,6.16,Giulio Migliaccio,6.203333333333334,6.133499999999999,6.1353135,6.140177931778722
985,7.21,Yohan Benalouane,6.4750847457627145,6.7321,6.748812,6.923526330193697
986,6.61,Vlada Avramov,6.433763440860214,6.5630999999999995,6.5604815,6.477976881478153
987,6.46,Rolando Bianchi,6.678750000000001,6.670299999999998,6.7025476,6.626192008108986
988,6.78,Luca Cigarini,6.433763440860214,6.490899999999998,6.5627604,6.72124247012627
989,6.8,Carlos Carmona,6.861333333333332,6.897800000000001,6.8610044,6.874106424999514
990,6.86,Nicolò Cherubin,6.965294117647057,6.896599999999998,6.930494,6.931313178506946
991,6.19,Andrea Conti,6.584999999999999,6.580900000000005,6.4851723,6.137425749242984
992,6.9,Germán Denis,6.965294117647057,6.931099999999999,7.009171,6.831281240239419
993,6.19,Andrea Masiello,6.381315789473682,6.189200000000004,6.221514,6.047646689035374
994,6.98,Luigi Giorgi,6.692588235294114,6.8100999999999985,6.756955,7.022671528119959
995,6.16,Remo Freuler,6.4545,6.465200000000003,6.380508,5.9891513825231995
996,6.79,Gabriel Paletta,6.692588235294114,6.766799999999998,6.820424,6.968379387350009
997,6.17,Marco Sportiello,6.203333333333334,6.2923,6.2694426,6.184898555389769
998,6.98,Guglielmo Stendardo,7.047272727272728,7.144499999999997,6.946023,7.035815100666645
999,6.43,Gianpaolo Bellini,6.798000000000001,6.843600000000004,6.830337,6.0459484490384465
1000,7.35,Marcelo Estigarribia,7.247066666666666,7.096600000000003,7.095495,7.3574938313137
1001,6.92,Maximiliano Moralez,6.965294117647057,6.950300000000001,6.8721175,7.055419637606399
1002,6.59,Davide Bassi,6.581626016260165,6.520899999999996,6.471483,6.582514269716615
1003,6.35,Boris Radunovic,6.609148936170212,6.771,6.697301,6.334257117611613
1004,7.05,Roberto Gagliardini,7.2165384615384625,7.246399999999999,7.1327906,7.010596359696561
1005,6.84,Davide Brivio,6.823809523809524,6.9620999999999995,6.8948617,6.691233171068491
1006,6.81,Alessandro Diamanti,6.860833333333333,6.8407000000000036,6.978421,6.632706426521349
1007,6.79,Boukary Dramé,6.8496969696969705,6.696200000000002,6.7932663,6.80907459099269
1008,6.8,Luca Cigarini,6.784204545454545,6.727500000000003,6.757915,6.72139692804777
1009,6.96,Jasmin Kurtic,6.787166666666666,7.031199999999997,6.912739,7.03125279280388
1010,7.01,Marten de Roon,6.784204545454545,6.857600000000008,6.8250732,7.004364589398909
1011,6.21,Cristian Raimondi,6.203333333333334,6.243400000000001,6.2109056,6.1538776589545074
1012,6.89,Mauricio Pinilla,6.787166666666666,6.759700000000001,6.839587,6.8913521366919595
1013,6.67,Gaetano Monachello,7.056964285714285,6.9261000000000035,6.879096,6.669288819035659
1014,6.49,Alberto Grassi,6.581626016260165,6.613700000000002,6.653997,6.360638406594914
1015,6.0,Carlos Carmona,6.0805,6.031233333333334,6.097627,6.101586418207645
1016,7.13,Giulio Migliaccio,7.1925,7.007500000000004,7.002034,7.18412289955717
1017,6.55,Hans Hateboer,6.692588235294114,6.7075,6.749799,6.4450040427561035
1018,6.52,Giulio Migliaccio,6.692588235294114,6.6199999999999966,6.579553,6.5260037985993185
1019,6.76,Andrea Masiello,6.717297297297297,6.762399999999997,6.6182456,6.721540687062069
1020,6.82,Mattia Caldara,6.581626016260165,6.621300000000002,6.6551466,6.675626642813582
1021,6.11,Andrea Conti,6.690952380952379,6.591800000000004,6.4432445,5.957368982591148
1022,6.55,Leonardo Spinazzola,6.614069767441865,6.682299999999997,6.6415615,6.832134660061762
1023,6.01,Bryan Cabezas,6.0805,5.981649999999999,5.9460216,6.022948536542017
1024,6.74,Remo Freuler,6.875714285714286,6.954600000000006,7.01777,6.750438247481278
1025,6.82,Jasmin Kurtic,6.982622950819672,6.901899999999999,6.8549933,6.766194155171589
1026,7.37,Etrit Berisha,7.369,7.4042,7.4545207,7.305350252874474
1027,7.24,Andrea Petagna,7.138260869565219,7.141500000000002,7.1930804,7.2517664974625475
1028,6.63,Filippo Melegoni,6.4750847457627145,6.704299999999996,6.692458,6.834582211198078
1029,6.02,Pierluigi Gollini,6.203333333333334,6.201600000000002,6.190651,5.961778093190488
1030,6.57,Boukary Dramé,6.678750000000001,6.672200000000004,6.6283383,6.395754817979692
1031,6.37,Ervin Zukanovic,6.688461538461539,6.421500000000002,6.297979,6.324737782809719
1032,7.17,Alberto Grassi,6.900476190476192,7.0539,7.0563474,7.11098636273308
1033,6.8,Abdoulay Konko,6.678750000000001,6.7887999999999975,6.6890297,6.72903992454239
1034,7.9,Alessandro Bastoni,7.4399999999999995,7.642899999999995,7.5817037,7.909152091190097
1035,6.64,Cristian Raimondi,6.688461538461539,6.837700000000002,6.6358466,6.679865791169987
1036,6.13,Aleksandar Pesic,6.433763440860214,6.298199999999997,6.3318963,6.156120840878359
1037,6.54,Alberto Paloschi,6.426938775510205,6.442799999999998,6.475962,6.473991232001376
1038,7.15,Carlos Carmona,6.7822499999999994,6.818700000000002,6.81282,7.1023162174786485
1039,6.26,Francesco Rossi,6.8656250000000005,6.444900000000002,6.4787254,6.219781662211837
1040,7.33,Bryan Cristante,7.138260869565219,7.1824,7.259491,7.438869451174801
1041,7.1,Andrea Masiello,6.900476190476192,7.003800000000004,6.9972363,7.17630337547343
1042,6.41,Josip Ilicic,6.275555555555554,6.357299999999999,6.328854,6.4600296835075115
1043,7.22,Leonardo Spinazzola,7.2165384615384625,7.189499999999998,7.1822295,7.21667897007895
1044,6.6,Mattia Caldara,6.614069767441865,6.623000000000002,6.5449104,6.511003264414652
1045,6.88,Musa Barrow,6.808219178082192,6.7787,6.8981295,6.910028813229091
1046,6.53,Hans Hateboer,6.614069767441865,6.467200000000002,6.4543653,6.497236531230453
1047,5.95,Robin Gosens,6.381315789473682,6.4324,6.3373075,5.997814576212405
1048,6.6,Etrit Berisha,6.433763440860214,6.5036000000000005,6.5138173,6.563011191178498
1049,7.37,Remo Freuler,7.4399999999999995,7.551699999999999,7.429538,7.3277654268087815
1050,6.95,Andrea Petagna,7.155526315789473,7.097999999999998,7.066138,6.94233914310249
1051,6.52,Timothy Castagne,6.275555555555554,6.450799999999999,6.3666396,6.4359106066252085
1052,6.93,Pierluigi Gollini,6.787166666666666,6.792900000000002,6.8051476,7.017342983700455
1053,6.35,José Luis Palomino,6.0805,6.136200000000001,6.109943,6.403134908823104
1054,6.56,Gianluca Mancini,6.574358974358975,6.6134,6.592012,6.558363872415026
1055,6.76,Andreas Cornelius,6.426938775510205,6.613999999999997,6.632219,6.56754101486206
1056,7.61,Marten de Roon,7.369,7.458800000000001,7.521309,7.596618031777967
1057,6.76,Alessandro Bastoni,6.433763440860214,6.603,6.586399,6.728700809306031
1058,6.0,Luca Vido,6.0805,6.011200000000002,6.0269837,6.098269984738791
1059,6.71,Nicolas Haas,6.614069767441865,6.562900000000003,6.5575466,6.71935018843922
1060,6.74,Ibañez,6.995151515151516,7.048300000000001,6.954486,6.792483040985541
1061,6.51,Francesco Rossi,6.581626016260165,6.5863,6.5259795,6.529517385651174
1062,7.39,Marco Tumminello,7.138260869565219,7.2472,7.2736716,7.364375992702215
1063,7.02,Hans Hateboer,6.584999999999999,6.545099999999999,6.5941877,6.976387694477432
1064,6.11,Gianluca Mancini,6.275555555555554,6.2709,6.1979766,6.028516007848239
1065,7.51,Andrea Masiello,8.048181818181815,8.074000000000003,7.744554,7.5100652097661404
1066,6.75,Timothy Castagne,6.798059701492538,6.856000000000002,6.813914,6.77093670803417
1067,6.67,Robin Gosens,6.581626016260165,6.628300000000001,6.6320853,6.710845816552256
1068,6.29,Mario Pasalic,6.690952380952379,6.605300000000007,6.7152357,6.327196662218554
1069,6.87,Josip Ilicic,6.860833333333333,6.929400000000004,6.9649487,6.888055581696436
1070,7.12,Remo Freuler,7.2165384615384625,7.1946999999999965,7.2082953,7.120467624744755
1071,7.01,Duván Zapata,6.784204545454545,6.938900000000002,7.0188026,6.970190889362866
1072,6.81,Emiliano Rigoni,7.247066666666666,7.205299999999999,7.1622705,6.759516813065762
1073,7.27,Marten de Roon,6.965294117647057,6.970899999999997,6.984217,7.059748822925492
1074,6.21,José Luis Palomino,6.0805,6.1526999999999985,6.132729,6.3114982127503785
1075,6.99,Pierluigi Gollini,6.965294117647057,6.878599999999998,6.8236732,6.938105319969707
1076,6.63,Etrit Berisha,6.578888888888889,6.589800000000001,6.5968375,6.605091349461497
1077,7.48,Arkadiusz Reca,7.047272727272728,7.263099999999995,7.431907,7.510504740923779
1078,7.57,Musa Barrow,7.229268292682928,7.367599999999999,7.4596534,7.545998123921625
1079,6.84,Ali Adnan,7.038000000000001,6.955199999999999,6.83353,6.9249500173095555
1080,6.78,Matteo Pessina,6.965294117647057,6.914700000000002,6.9558225,6.730591096637608
1081,6.91,Roberto Piccoli,6.992183908045976,6.9567,6.887306,6.774118514988877
1082,6.57,Dejan Kulusevski,7.008888888888889,6.981900000000003,6.9081354,6.443226995848334
1083,6.84,Jacopo Da Riva,6.781315789473686,6.756400000000001,6.774104,6.903228806352767
1084,6.69,Josip Ilicic,6.978035714285714,6.881600000000003,6.9289556,6.8257959898838
1085,6.68,Francesco Rossi,6.733636363636363,6.6725,6.6932077,6.641470694649751
1086,6.78,Robin Gosens,6.787166666666666,6.813900000000006,6.7780523,6.6221756555243685
1087,6.37,Luis Muriel,6.433763440860214,6.5465,6.5409055,6.39767765964319
1088,6.32,Lennart Czyborra,6.203333333333334,6.216899999999999,6.1431556,6.244976069576554
1089,6.9,Duván Zapata,6.845909090909092,6.874799999999999,6.869782,6.84626667050962
1090,6.86,Roberto Piccoli,6.690952380952379,6.773999999999998,6.8042946,6.9451421789992045
1091,5.96,Raoul Bellanova,6.0805,6.196799999999999,6.179291,5.958927340807191
1092,6.29,Marten de Roon,6.1739622641509415,6.254600000000002,6.532201,6.386205597181922
1093,7.21,Timothy Castagne,6.860833333333333,7.100599999999997,7.037575,7.357341620602652
1094,7.25,Remo Freuler,7.131463414634148,7.1724999999999985,7.126712,7.1588428038961975
1095,7.0,Mario Pasalic,7.229268292682928,7.209699999999999,7.1005206,6.921418813263524
1096,6.76,Mattia Caldara,6.433763440860214,6.598900000000002,6.631568,6.732030661484637
1097,6.01,Pierluigi Gollini,6.0805,6.1104500000000055,6.1099815,6.039604292323232
1098,6.94,José Luis Palomino,6.4750847457627145,6.7772000000000014,6.729357,6.916412875579129
1099,6.91,Marco Sportiello,7.038000000000001,6.853199999999995,6.926991,6.961605930494023
1100,7.23,Guilherme Arana,7.138260869565219,7.1553,7.235555,7.199211295119311
1101,6.41,Hans Hateboer,6.4750847457627145,6.4879000000000016,6.615953,6.4426922377251366
1102,6.44,Ebrima Colley,6.433763440860214,6.5410999999999975,6.50795,6.803895055785127
1103,6.59,Bosko Sutalo,6.717297297297297,6.6641999999999975,6.662836,6.535864500671149
1104,6.82,Adrien Tameze,6.965294117647057,6.925200000000003,6.975919,6.437455667873012
1105,6.28,Emmanuel Gyabuaa,6.426938775510205,6.345399999999997,6.4415226,6.168539239202029
1106,7.01,Viktor Kovalenko,6.584999999999999,6.722100000000003,6.7009363,7.061364161533869
1107,7.43,Davide Ghislandi,7.138260869565219,7.398099999999999,7.2939315,7.45018237041764
1108,6.27,Luis Muriel,6.275555555555554,6.335200000000001,6.3097754,6.237020996621952
1109,6.79,José Luis Palomino,6.860833333333333,6.868999999999997,6.888597,6.731478124549453
1110,6.64,Aleksey Miranchuk,6.614069767441865,6.553099999999998,6.556021,6.515124525952362
1111,6.43,Hans Hateboer,6.4545,6.411299999999999,6.3946157,6.499092637422091
1112,6.65,Robin Gosens,6.991470588235295,6.734600000000003,6.721463,6.424621391482379
1113,6.75,Duván Zapata,6.609148936170212,6.724000000000001,6.62461,6.801143868947732
1114,6.53,Remo Freuler,6.782916666666668,7.086979999999999,6.8433876,6.637605107132159
1115,6.37,Josip Ilicic,6.464285714285714,6.3524999999999965,6.4351816,6.514729522234058
1116,8.52,Joakim Maehle,8.048181818181815,8.027600000000009,8.120545,8.522071925369863
1117,6.63,Mario Pasalic,6.917692307692308,6.833500000000003,6.8130665,6.4829998638542765
1118,6.7,Matteo Pessina,6.678750000000001,6.603000000000001,6.6862617,6.630025659292001
1119,6.58,Sam Lammers,6.798059701492538,6.833699999999996,6.855559,6.468898432567722
1120,7.22,Cristian Romero,6.992183908045976,7.002899999999998,7.001014,7.1692223600110125
1121,7.06,Cristiano Piccini,6.861333333333332,6.936899999999997,6.9360867,6.643760971309198
1122,6.94,Marco Sportiello,6.593999999999999,6.732000000000002,6.7583838,6.97889405907841
1123,5.98,Pierluigi Gollini,6.0805,6.1338000000000035,6.1934795,6.008130332938818
1124,7.07,Marten de Roon,6.992183908045976,6.9557999999999955,6.8855705,7.027274144179718
1125,6.68,Johan Mojica,6.781315789473686,6.684000000000001,6.6856365,6.800994327603046
1126,7.32,Bosko Sutalo,7.008888888888889,6.916900000000001,6.977047,7.520777587905285
1127,7.53,Matteo Ruggeri,6.965294117647057,6.960799999999998,7.043478,7.367422790938981
1128,6.63,Mattia Caldara,6.692588235294114,6.631299999999998,6.7625937,6.747731754975498
