,Team,Year_start,Year_end,Matches,Wins,Draws,Loses,GoalsScored,GoalsReceived,Points,Estimated_Points_Simple,Delta_Points_Simple
0,Chelsea,2014,2015,38,26,9,3,73,32,87,79,8
1,Manchester City,2014,2015,38,24,7,7,83,38,79,80,-1
2,Arsenal,2014,2015,38,22,9,7,71,36,75,75,0
3,Manchester United,2014,2015,38,20,10,8,62,37,70,70,0
4,Tottenham,2014,2015,38,19,7,12,58,53,64,56,8
5,Liverpool,2014,2015,38,18,8,12,52,48,62,55,7
6,Southampton,2014,2015,38,18,6,14,54,33,60,71,-11
7,Swansea,2014,2015,38,16,8,14,46,49,56,50,6
8,Stoke,2014,2015,38,15,9,14,48,45,54,54,0
9,Crystal Palace,2014,2015,38,13,9,16,47,51,48,49,-1
10,Everton,2014,2015,38,12,11,15,48,50,47,50,-3
11,West Ham,2014,2015,38,12,11,15,44,47,47,49,-2
12,West Bromwich Albion,2014,2015,38,11,11,16,38,51,44,41,3
13,Leicester,2014,2015,38,11,8,19,46,55,41,46,-5
14,Newcastle United,2014,2015,38,10,9,19,40,63,39,36,3
15,Sunderland,2014,2015,38,7,17,14,31,53,38,31,7
16,Aston Villa,2014,2015,38,10,8,20,31,57,38,31,7
17,Hull,2014,2015,38,8,11,19,33,51,35,36,-1
18,Burnley,2014,2015,38,7,12,19,28,53,33,29,4
19,Queens Park Rangers,2014,2015,38,8,6,24,42,73,30,34,-4
20,Leicester,2015,2016,38,23,12,3,68,36,81,72,9
21,Arsenal,2015,2016,38,20,11,7,65,36,71,71,0
22,Tottenham,2015,2016,38,19,13,6,69,35,70,72,-2
23,Manchester City,2015,2016,38,19,9,10,71,41,66,71,-5
24,Manchester United,2015,2016,38,19,9,10,49,35,66,64,2
25,Southampton,2015,2016,38,18,9,11,59,41,63,65,-2
26,West Ham,2015,2016,38,16,14,8,65,51,62,58,4
27,Liverpool,2015,2016,38,16,12,10,63,50,60,59,1
28,Stoke,2015,2016,38,14,9,15,41,55,51,41,10
29,Chelsea,2015,2016,38,12,14,12,59,53,50,53,-3
30,Everton,2015,2016,38,11,14,13,59,55,47,52,-5
31,Swansea,2015,2016,38,12,11,15,42,52,47,43,4
32,Watford,2015,2016,38,12,9,17,40,50,45,44,1
33,West Bromwich Albion,2015,2016,38,10,13,15,34,48,43,38,5
34,Crystal Palace,2015,2016,38,11,9,18,39,51,42,42,0
35,Bournemouth,2015,2016,38,11,9,18,45,67,42,38,4
36,Sunderland,2015,2016,38,9,12,17,48,62,39,41,-2
37,Newcastle United,2015,2016,38,9,10,19,44,65,37,38,-1
38,Norwich,2015,2016,38,9,7,22,39,67,34,34,0
39,Aston Villa,2015,2016,38,3,8,27,27,76,17,20,-3
40,Chelsea,2016,2017,38,30,3,5,85,33,93,87,6
41,Tottenham,2016,2017,38,26,8,4,86,26,86,89,-3
42,Manchester City,2016,2017,38,23,9,6,80,39,78,76,2
43,Liverpool,2016,2017,38,22,10,6,78,42,76,73,3
44,Arsenal,2016,2017,38,23,6,9,77,44,75,74,1
45,Manchester United,2016,2017,38,18,15,5,54,29,69,69,0
46,Everton,2016,2017,38,17,10,11,62,44,61,64,-3
47,Southampton,2016,2017,38,12,10,16,41,48,46,46,0
48,Bournemouth,2016,2017,38,12,10,16,55,67,46,44,2
49,West Bromwich Albion,2016,2017,38,12,9,17,43,51,45,46,-1
50,West Ham,2016,2017,38,12,9,17,47,64,45,41,4
51,Leicester,2016,2017,38,12,8,18,48,63,44,43,1
52,Stoke,2016,2017,38,11,11,16,41,56,44,40,4
53,Crystal Palace,2016,2017,38,12,5,21,50,63,41,45,-4
54,Swansea,2016,2017,38,12,5,21,45,70,41,38,3
55,Burnley,2016,2017,38,11,7,20,39,55,40,40,0
56,Watford,2016,2017,38,11,7,20,40,68,40,34,6
57,Hull,2016,2017,38,9,7,22,37,80,34,27,7
58,Middlesbrough,2016,2017,38,5,13,20,27,53,28,28,0
59,Sunderland,2016,2017,38,6,6,26,29,69,24,24,0
60,Manchester City,2017,2018,38,32,4,2,106,27,100,95,5
61,Manchester United,2017,2018,38,25,6,7,68,28,81,83,-2
62,Tottenham,2017,2018,38,23,8,7,74,36,77,77,0
63,Liverpool,2017,2018,38,21,12,5,84,38,75,76,-1
64,Chelsea,2017,2018,38,21,7,10,62,38,70,71,-1
65,Arsenal,2017,2018,38,19,6,13,74,51,63,67,-4
66,Burnley,2017,2018,38,14,12,12,36,39,54,48,6
67,Everton,2017,2018,38,13,10,15,44,58,49,42,7
68,Leicester,2017,2018,38,12,11,15,56,60,47,49,-2
69,Newcastle United,2017,2018,38,12,8,18,39,47,44,46,-2
70,Crystal Palace,2017,2018,38,11,11,16,45,55,44,44,0
71,Bournemouth,2017,2018,38,11,11,16,45,61,44,40,4
72,West Ham,2017,2018,38,10,12,16,48,68,42,38,4
73,Watford,2017,2018,38,11,8,19,44,64,41,39,2
74,Brighton,2017,2018,38,9,13,16,34,54,40,34,6
75,Huddersfield,2017,2018,38,9,10,19,28,58,37,27,10
76,Southampton,2017,2018,38,7,15,16,37,56,36,35,1
77,Swansea,2017,2018,38,8,9,21,28,56,33,28,5
78,Stoke,2017,2018,38,7,12,19,35,68,33,28,5
79,West Bromwich Albion,2017,2018,38,6,13,19,31,56,31,30,1
80,Manchester City,2018,2019,38,32,2,4,95,23,98,98,0
81,Liverpool,2018,2019,38,30,7,1,89,22,97,93,4
82,Chelsea,2018,2019,38,21,9,8,63,39,72,69,3
83,Tottenham,2018,2019,38,23,2,13,67,39,71,76,-5
84,Arsenal,2018,2019,38,21,7,10,73,51,70,66,4
85,Manchester United,2018,2019,38,19,9,10,65,54,66,59,7
86,Wolverhampton Wanderers,2018,2019,38,16,9,13,47,46,57,53,4
87,Everton,2018,2019,38,15,9,14,54,46,54,58,-4
88,Leicester,2018,2019,38,15,7,16,51,48,52,55,-3
89,West Ham,2018,2019,38,15,7,16,52,55,52,51,1
90,Watford,2018,2019,38,14,8,16,52,59,50,48,2
91,Crystal Palace,2018,2019,38,14,7,17,51,53,49,52,-3
92,Newcastle United,2018,2019,38,12,9,17,42,48,45,47,-2
93,Bournemouth,2018,2019,38,13,6,19,56,70,45,45,0
94,Burnley,2018,2019,38,11,7,20,45,68,40,38,2
95,Southampton,2018,2019,38,9,12,17,45,65,39,38,1
96,Brighton,2018,2019,38,9,9,20,35,60,36,33,3
97,Cardiff,2018,2019,38,10,4,24,34,69,34,29,5
98,Fulham,2018,2019,38,7,5,26,34,81,26,24,2
99,Huddersfield,2018,2019,38,3,7,28,22,76,16,16,0
100,Liverpool,2019,2020,38,32,3,3,85,33,99,87,12
101,Manchester City,2019,2020,38,26,3,9,102,35,81,90,-9
102,Manchester United,2019,2020,38,18,12,8,66,36,66,71,-5
103,Chelsea,2019,2020,38,20,6,12,69,54,66,63,3
104,Leicester,2019,2020,38,18,8,12,67,41,62,70,-8
105,Tottenham,2019,2020,38,16,11,11,61,47,59,60,-1
106,Wolverhampton Wanderers,2019,2020,38,15,14,9,51,40,59,58,1
107,Arsenal,2019,2020,38,14,14,10,56,48,56,55,1
108,Sheffield United,2019,2020,38,14,12,12,39,39,54,51,3
109,Burnley,2019,2020,38,15,9,14,43,50,54,46,8
110,Southampton,2019,2020,38,15,7,16,51,60,52,47,5
111,Everton,2019,2020,38,13,10,15,44,56,49,43,6
112,Newcastle United,2019,2020,38,11,11,16,38,58,44,36,8
113,Crystal Palace,2019,2020,38,11,10,17,31,50,43,35,8
114,Brighton,2019,2020,38,9,14,15,39,54,41,38,3
115,West Ham,2019,2020,38,10,9,19,49,62,39,43,-4
116,Aston Villa,2019,2020,38,9,8,21,41,67,35,35,0
117,Bournemouth,2019,2020,38,9,7,22,40,65,34,35,-1
118,Watford,2019,2020,38,8,10,20,36,64,34,32,2
119,Norwich,2019,2020,38,5,6,27,26,75,21,19,2
120,Manchester City,2020,2021,38,27,5,6,83,32,86,86,0
121,Manchester United,2020,2021,38,21,11,6,73,44,74,69,5
122,Liverpool,2020,2021,38,20,9,9,68,42,69,69,0
123,Chelsea,2020,2021,38,19,10,9,58,36,67,68,-1
124,Leicester,2020,2021,38,20,6,12,68,50,66,65,1
125,West Ham,2020,2021,38,19,8,11,62,47,65,63,2
126,Tottenham,2020,2021,38,18,8,12,68,45,62,67,-5
127,Arsenal,2020,2021,38,18,7,13,55,39,61,66,-5
128,Leeds,2020,2021,38,18,5,15,62,54,59,59,0
129,Everton,2020,2021,38,17,8,13,47,48,59,52,7
130,Aston Villa,2020,2021,38,16,7,15,55,46,55,60,-5
131,Newcastle United,2020,2021,38,12,9,17,46,62,45,41,4
132,Wolverhampton Wanderers,2020,2021,38,12,9,17,36,52,45,39,6
133,Crystal Palace,2020,2021,38,12,8,18,41,66,44,35,9
134,Southampton,2020,2021,38,12,7,19,47,68,43,39,4
135,Brighton,2020,2021,38,9,14,15,40,46,41,45,-4
136,Burnley,2020,2021,38,10,9,19,33,55,39,34,5
137,Fulham,2020,2021,38,5,13,20,27,53,28,28,0
138,West Bromwich Albion,2020,2021,38,5,11,22,35,76,26,26,0
139,Sheffield United,2020,2021,38,7,2,29,20,63,23,18,5
140,Manchester City,2021,2022,38,29,6,3,99,26,93,93,0
141,Liverpool,2021,2022,38,28,8,2,94,26,92,90,2
142,Chelsea,2021,2022,38,21,11,6,76,33,74,78,-4
143,Tottenham,2021,2022,38,22,5,11,69,40,71,74,-3
144,Arsenal,2021,2022,38,22,3,13,61,48,69,64,5
145,Manchester United,2021,2022,38,16,10,12,57,57,58,51,7
146,West Ham,2021,2022,38,16,8,14,60,51,56,59,-3
147,Leicester,2021,2022,38,14,10,14,62,59,52,53,-1
148,Brighton,2021,2022,38,12,15,11,42,44,51,47,4
149,Wolverhampton Wanderers,2021,2022,38,15,6,17,38,43,51,49,2
150,Newcastle United,2021,2022,38,13,10,15,44,62,49,39,10
151,Crystal Palace,2021,2022,38,11,15,12,50,46,48,52,-4
152,Brentford,2021,2022,38,13,7,18,48,56,46,47,-1
153,Aston Villa,2021,2022,38,13,6,19,52,54,45,52,-7
154,Southampton,2021,2022,38,9,13,16,43,67,40,35,5
155,Everton,2021,2022,38,11,6,21,43,66,39,38,1
156,Leeds,2021,2022,38,9,11,18,42,79,38,30,8
157,Burnley,2021,2022,38,7,14,17,34,53,35,34,1
158,Watford,2021,2022,38,6,5,27,34,77,23,26,-3
159,Norwich,2021,2022,38,5,7,26,23,84,22,15,7
160,Bayern Munich,2014,2015,34,25,4,5,80,18,79,87,-8
161,Wolfsburg,2014,2015,34,20,9,5,72,38,69,66,3
162,Borussia M.Gladbach,2014,2015,34,19,9,6,53,26,66,67,-1
163,Bayer Leverkusen,2014,2015,34,17,10,7,62,37,61,61,0
164,Augsburg,2014,2015,34,15,4,15,43,43,49,49,0
165,Schalke 04,2014,2015,34,13,9,12,42,40,48,48,0
166,Borussia Dortmund,2014,2015,34,13,7,14,47,42,46,51,-5
167,Hoffenheim,2014,2015,34,12,8,14,49,55,44,43,1
168,Eintracht Frankfurt,2014,2015,34,11,10,13,56,62,43,42,1
169,Werder Bremen,2014,2015,34,11,10,13,50,65,43,37,6
170,Mainz 05,2014,2015,34,9,13,12,45,47,40,43,-3
171,FC Cologne,2014,2015,34,9,13,12,34,40,40,39,1
172,Hannover 96,2014,2015,34,9,10,15,40,56,37,35,2
173,VfB Stuttgart,2014,2015,34,9,9,16,42,60,36,35,1
174,Hertha Berlin,2014,2015,34,9,8,17,36,52,35,35,0
175,Hamburger SV,2014,2015,34,9,8,17,25,50,35,25,10
176,Freiburg,2014,2015,34,7,13,14,36,47,34,36,-2
177,Paderborn,2014,2015,34,7,10,17,31,65,31,24,7
178,Bayern Munich,2015,2016,34,28,4,2,80,17,88,87,1
179,Borussia Dortmund,2015,2016,34,24,6,4,82,34,78,74,4
180,Bayer Leverkusen,2015,2016,34,18,6,10,56,40,60,59,1
181,Borussia M.Gladbach,2015,2016,34,17,4,13,67,50,55,58,-3
182,Schalke 04,2015,2016,34,15,7,12,51,49,52,48,4
183,Mainz 05,2015,2016,34,14,8,12,46,42,50,49,1
184,Hertha Berlin,2015,2016,34,14,8,12,42,42,50,47,3
185,Wolfsburg,2015,2016,34,12,9,13,47,49,45,45,0
186,FC Cologne,2015,2016,34,10,13,11,38,42,43,41,2
187,Hamburger SV,2015,2016,34,11,8,15,40,46,41,42,-1
188,Ingolstadt,2015,2016,34,10,10,14,33,42,40,38,2
189,Augsburg,2015,2016,34,9,11,14,42,52,38,38,0
190,Werder Bremen,2015,2016,34,10,8,16,50,65,38,38,0
191,Darmstadt,2015,2016,34,9,11,14,38,53,38,35,3
192,Hoffenheim,2015,2016,34,9,10,15,39,54,37,35,2
193,Eintracht Frankfurt,2015,2016,34,9,9,16,34,52,36,33,3
194,VfB Stuttgart,2015,2016,34,9,6,19,50,75,33,34,-1
195,Hannover 96,2015,2016,34,7,4,23,31,62,25,26,-1
196,Bayern Munich,2016,2017,34,25,7,2,89,22,82,83,-1
197,RasenBallsport Leipzig,2016,2017,34,20,7,7,66,39,67,64,3
198,Borussia Dortmund,2016,2017,34,18,10,6,72,40,64,63,1
199,Hoffenheim,2016,2017,34,16,14,4,64,37,62,60,2
200,FC Cologne,2016,2017,34,12,13,9,51,42,49,50,-1
201,Hertha Berlin,2016,2017,34,15,4,15,43,47,49,45,4
202,Freiburg,2016,2017,34,14,6,14,42,60,48,36,12
203,Werder Bremen,2016,2017,34,13,6,15,61,64,45,46,-1
204,Borussia M.Gladbach,2016,2017,34,12,9,13,45,49,45,43,2
205,Schalke 04,2016,2017,34,11,10,13,45,40,43,49,-6
206,Eintracht Frankfurt,2016,2017,34,11,9,14,36,43,42,40,2
207,Bayer Leverkusen,2016,2017,34,11,8,15,53,55,41,45,-4
208,Augsburg,2016,2017,34,9,11,14,35,51,38,33,5
209,Hamburger SV,2016,2017,34,10,8,16,33,61,38,27,11
210,Mainz 05,2016,2017,34,10,7,17,44,55,37,40,-3
211,Wolfsburg,2016,2017,34,10,7,17,34,52,37,33,4
212,Ingolstadt,2016,2017,34,8,8,18,36,57,32,32,0
213,Darmstadt,2016,2017,34,7,4,23,28,63,25,23,2
214,Bayern Munich,2017,2018,34,27,3,4,92,28,84,83,1
215,Schalke 04,2017,2018,34,18,9,7,53,37,63,57,6
216,Hoffenheim,2017,2018,34,15,10,9,66,48,55,56,-1
217,Borussia Dortmund,2017,2018,34,15,10,9,64,47,55,55,0
218,Bayer Leverkusen,2017,2018,34,15,10,9,58,44,55,54,1
219,RasenBallsport Leipzig,2017,2018,34,15,8,11,57,53,53,49,4
220,VfB Stuttgart,2017,2018,34,15,6,13,36,36,51,48,3
221,Eintracht Frankfurt,2017,2018,34,14,7,13,45,45,49,47,2
222,Borussia M.Gladbach,2017,2018,34,13,8,13,47,52,47,43,4
223,Hertha Berlin,2017,2018,34,10,13,11,43,46,43,42,1
224,Werder Bremen,2017,2018,34,10,12,12,37,40,42,42,0
225,Augsburg,2017,2018,34,10,11,13,43,46,41,43,-2
226,Hannover 96,2017,2018,34,10,9,15,44,54,39,39,0
227,Mainz 05,2017,2018,34,9,9,16,38,52,36,36,0
228,Freiburg,2017,2018,34,8,12,14,32,56,36,28,8
229,Wolfsburg,2017,2018,34,6,15,13,36,48,33,34,-1
230,Hamburger SV,2017,2018,34,8,7,19,29,53,31,28,3
231,FC Cologne,2017,2018,34,5,7,22,35,70,22,26,-4
232,Bayern Munich,2018,2019,34,24,6,4,88,32,78,77,1
233,Borussia Dortmund,2018,2019,34,23,7,4,81,44,76,66,10
234,RasenBallsport Leipzig,2018,2019,34,19,9,6,63,29,66,69,-3
235,Bayer Leverkusen,2018,2019,34,18,4,12,69,52,58,58,0
236,Borussia M.Gladbach,2018,2019,34,16,7,11,55,42,55,56,-1
237,Wolfsburg,2018,2019,34,16,7,11,62,50,55,54,1
238,Eintracht Frankfurt,2018,2019,34,15,9,10,60,48,54,53,1
239,Werder Bremen,2018,2019,34,14,11,9,58,49,53,50,3
240,Hoffenheim,2018,2019,34,13,12,9,70,52,51,54,-3
241,Fortuna Duesseldorf,2018,2019,34,13,5,16,49,65,44,39,5
242,Hertha Berlin,2018,2019,34,11,10,13,49,57,43,41,2
243,Mainz 05,2018,2019,34,12,7,15,46,57,43,40,3
244,Freiburg,2018,2019,34,8,12,14,46,61,36,36,0
245,Schalke 04,2018,2019,34,8,9,17,37,55,33,33,0
246,Augsburg,2018,2019,34,8,8,18,51,71,32,36,-4
247,VfB Stuttgart,2018,2019,34,7,7,20,32,70,28,23,5
248,Hannover 96,2018,2019,34,5,6,23,31,71,21,22,-1
249,Nuernberg,2018,2019,34,3,10,21,26,68,19,19,0
250,Bayern Munich,2019,2020,34,26,4,4,100,32,82,81,1
251,Borussia Dortmund,2019,2020,34,21,6,7,84,41,69,70,-1
252,RasenBallsport Leipzig,2019,2020,34,18,12,4,81,37,66,67,-1
253,Borussia M.Gladbach,2019,2020,34,20,5,9,66,40,65,64,1
254,Bayer Leverkusen,2019,2020,34,19,6,9,61,44,63,58,5
255,Hoffenheim,2019,2020,34,15,7,12,53,53,52,47,5
256,Wolfsburg,2019,2020,34,13,10,11,48,46,49,47,2
257,Freiburg,2019,2020,34,13,9,12,48,47,48,47,1
258,Eintracht Frankfurt,2019,2020,34,13,6,15,59,60,45,47,-2
259,Hertha Berlin,2019,2020,34,11,8,15,48,59,41,40,1
260,Union Berlin,2019,2020,34,12,5,17,41,58,41,36,5
261,Schalke 04,2019,2020,34,9,12,13,38,58,39,32,7
262,Mainz 05,2019,2020,34,11,4,19,44,65,37,35,2
263,Augsburg,2019,2020,34,9,9,16,45,63,36,35,1
264,FC Cologne,2019,2020,34,10,6,18,51,69,36,37,-1
265,Werder Bremen,2019,2020,34,8,7,19,42,69,31,31,0
266,Fortuna Duesseldorf,2019,2020,34,6,12,16,36,67,30,26,4
267,Paderborn,2019,2020,34,4,8,22,37,74,20,25,-5
268,Bayern Munich,2020,2021,34,24,6,4,99,44,78,72,6
269,RasenBallsport Leipzig,2020,2021,34,19,8,7,60,32,65,66,-1
270,Borussia Dortmund,2020,2021,34,20,4,10,75,46,64,65,-1
271,Wolfsburg,2020,2021,34,17,10,7,61,37,61,61,0
272,Eintracht Frankfurt,2020,2021,34,16,12,6,69,53,60,53,7
273,Bayer Leverkusen,2020,2021,34,14,10,10,53,39,52,55,-3
274,Union Berlin,2020,2021,34,12,14,8,50,43,50,48,2
275,Borussia M.Gladbach,2020,2021,34,13,10,11,64,56,49,50,-1
276,VfB Stuttgart,2020,2021,34,12,9,13,56,55,45,47,-2
277,Freiburg,2020,2021,34,12,9,13,52,52,45,46,-1
278,Hoffenheim,2020,2021,34,11,10,13,52,54,43,44,-1
279,Mainz 05,2020,2021,34,10,9,15,39,56,39,34,5
280,Augsburg,2020,2021,34,10,6,18,36,54,36,34,2
281,Hertha Berlin,2020,2021,34,8,11,15,41,52,35,37,-2
282,Arminia Bielefeld,2020,2021,34,9,8,17,26,52,35,25,10
283,FC Cologne,2020,2021,34,8,9,17,34,60,33,28,5
284,Werder Bremen,2020,2021,34,7,10,17,36,57,31,31,0
285,Schalke 04,2020,2021,34,3,7,24,25,86,16,14,2
286,Bayern Munich,2021,2022,34,24,5,5,97,37,77,77,0
287,Borussia Dortmund,2021,2022,34,22,3,9,85,52,69,65,4
288,Bayer Leverkusen,2021,2022,34,19,7,8,80,47,64,64,0
289,RasenBallsport Leipzig,2021,2022,34,17,7,10,72,37,58,68,-10
290,Union Berlin,2021,2022,34,16,9,9,50,44,57,50,7
291,Freiburg,2021,2022,34,15,10,9,58,46,55,53,2
292,FC Cologne,2021,2022,34,14,10,10,52,49,52,47,5
293,Mainz 05,2021,2022,34,13,7,14,50,45,46,50,-4
294,Hoffenheim,2021,2022,34,13,7,14,58,60,46,46,0
295,Borussia M.Gladbach,2021,2022,34,12,9,13,54,61,45,42,3
296,Eintracht Frankfurt,2021,2022,34,10,12,12,45,49,42,42,0
297,Wolfsburg,2021,2022,34,12,6,16,43,54,42,40,2
298,Bochum,2021,2022,34,12,6,16,38,52,42,37,5
299,Augsburg,2021,2022,34,10,8,16,39,56,38,35,3
300,VfB Stuttgart,2021,2022,34,7,12,15,41,59,33,33,0
301,Hertha Berlin,2021,2022,34,9,6,19,37,71,33,27,6
302,Arminia Bielefeld,2021,2022,34,5,13,16,27,53,28,24,4
303,Greuther Fuerth,2021,2022,34,3,9,22,28,82,18,16,2
304,Barcelona,2014,2015,38,30,4,4,110,21,94,100,-6
305,Real Madrid,2014,2015,38,30,2,6,118,38,92,92,0
306,Atletico Madrid,2014,2015,38,23,9,6,67,29,78,80,-2
307,Valencia,2014,2015,38,22,11,5,70,32,77,77,0
308,Sevilla,2014,2015,38,23,7,8,71,45,76,70,6
309,Villarreal,2014,2015,38,16,12,10,48,37,60,60,0
310,Athletic Club,2014,2015,38,15,10,13,42,41,55,52,3
311,Celta Vigo,2014,2015,38,13,12,13,47,44,51,53,-2
312,Malaga,2014,2015,38,14,8,16,42,48,50,48,2
313,Espanyol,2014,2015,38,13,10,15,47,51,49,49,0
314,Rayo Vallecano,2014,2015,38,15,4,19,46,68,49,40,9
315,Real Sociedad,2014,2015,38,11,13,14,44,51,46,45,1
316,Elche,2014,2015,38,11,8,19,35,62,41,32,9
317,Getafe,2014,2015,38,10,7,21,33,64,37,30,7
318,Levante,2014,2015,38,9,10,19,34,67,37,29,8
319,Eibar,2014,2015,38,9,8,21,34,55,35,35,0
320,Deportivo La Coruna,2014,2015,38,7,14,17,35,60,35,31,4
321,Granada,2014,2015,38,7,14,17,29,64,35,24,11
322,Almeria,2014,2015,38,8,8,22,35,64,32,31,1
323,Cordoba,2014,2015,38,3,11,24,22,68,20,17,3
324,Barcelona,2015,2016,38,29,4,5,112,29,91,95,-4
325,Real Madrid,2015,2016,38,28,6,4,110,34,90,90,0
326,Atletico Madrid,2015,2016,38,28,4,6,63,18,88,93,-5
327,Villarreal,2015,2016,38,18,10,10,44,35,64,60,4
328,Athletic Club,2015,2016,38,18,8,12,58,45,62,62,0
329,Celta Vigo,2015,2016,38,17,9,12,51,59,60,47,13
330,Sevilla,2015,2016,38,14,10,14,51,50,52,52,0
331,Malaga,2015,2016,38,12,12,14,38,35,48,53,-5
332,Real Sociedad,2015,2016,38,13,9,16,45,48,48,50,-2
333,Real Betis,2015,2016,38,11,12,15,34,52,45,36,9
334,Valencia,2015,2016,38,11,11,16,46,48,44,49,-5
335,Las Palmas,2015,2016,38,12,8,18,45,53,44,46,-2
336,Eibar,2015,2016,38,11,10,17,49,61,43,44,-1
337,Espanyol,2015,2016,38,12,7,19,40,74,43,31,12
338,Deportivo La Coruna,2015,2016,38,8,18,12,45,61,42,37,5
339,Sporting Gijon,2015,2016,38,10,9,19,40,62,39,36,3
340,Granada,2015,2016,38,10,9,19,46,69,39,37,2
341,Rayo Vallecano,2015,2016,38,9,11,18,52,73,38,39,-1
342,Getafe,2015,2016,38,9,9,20,37,67,36,31,5
343,Levante,2015,2016,38,8,8,22,37,70,32,30,2
344,Real Madrid,2016,2017,38,29,6,3,106,41,93,85,8
345,Barcelona,2016,2017,38,28,6,4,116,37,90,89,1
346,Atletico Madrid,2016,2017,38,23,9,6,70,27,78,83,-5
347,Sevilla,2016,2017,38,21,9,8,69,49,72,64,8
348,Villarreal,2016,2017,38,19,10,9,56,33,67,70,-3
349,Real Sociedad,2016,2017,38,19,7,12,59,53,64,57,7
350,Athletic Club,2016,2017,38,19,6,13,53,43,63,61,2
351,Espanyol,2016,2017,38,15,11,12,49,50,56,50,6
352,Alaves,2016,2017,38,14,13,11,41,43,55,48,7
353,Eibar,2016,2017,38,15,9,14,56,51,54,55,-1
354,Malaga,2016,2017,38,12,10,16,49,55,46,47,-1
355,Valencia,2016,2017,38,13,7,18,56,65,46,47,-1
356,Celta Vigo,2016,2017,38,13,6,19,53,69,45,44,1
357,Las Palmas,2016,2017,38,10,9,19,53,74,39,40,-1
358,Real Betis,2016,2017,38,10,9,19,41,64,39,36,3
359,Deportivo La Coruna,2016,2017,38,8,12,18,43,61,36,38,-2
360,Leganes,2016,2017,38,8,11,19,36,55,35,36,-1
361,Sporting Gijon,2016,2017,38,7,10,21,42,72,31,33,-2
362,Osasuna,2016,2017,38,4,10,24,40,94,22,24,-2
363,Granada,2016,2017,38,4,8,26,30,82,20,20,0
364,Barcelona,2017,2018,38,28,9,1,99,29,93,89,4
365,Atletico Madrid,2017,2018,38,23,10,5,58,22,79,82,-3
366,Real Madrid,2017,2018,38,22,10,6,94,44,76,77,-1
367,Valencia,2017,2018,38,22,7,9,65,38,73,72,1
368,Villarreal,2017,2018,38,18,7,13,57,50,61,58,3
369,Real Betis,2017,2018,38,18,6,14,60,61,60,53,7
370,Sevilla,2017,2018,38,17,7,14,49,58,58,47,11
371,Getafe,2017,2018,38,15,10,13,42,33,55,60,-5
372,Eibar,2017,2018,38,14,9,15,44,50,51,47,4
373,Girona,2017,2018,38,14,9,15,50,59,51,46,5
374,Real Sociedad,2017,2018,38,14,7,17,66,59,49,57,-8
375,Celta Vigo,2017,2018,38,13,10,15,59,60,49,51,-2
376,Espanyol,2017,2018,38,12,13,13,36,42,49,45,4
377,Alaves,2017,2018,38,15,2,21,40,50,47,47,0
378,Levante,2017,2018,38,11,13,14,44,58,46,40,6
379,Athletic Club,2017,2018,38,10,13,15,41,49,43,44,-1
380,Leganes,2017,2018,38,12,7,19,34,51,43,38,5
381,Deportivo La Coruna,2017,2018,38,6,11,21,38,76,29,28,1
382,Las Palmas,2017,2018,38,5,7,26,24,74,22,18,4
383,Malaga,2017,2018,38,5,5,28,24,61,20,23,-3
384,Barcelona,2018,2019,38,26,9,3,90,36,87,82,5
385,Atletico Madrid,2018,2019,38,22,10,6,55,29,76,73,3
386,Real Madrid,2018,2019,38,21,5,12,63,46,68,66,2
387,Valencia,2018,2019,38,15,16,7,51,35,61,61,0
388,Sevilla,2018,2019,38,17,8,13,62,47,59,63,-4
389,Getafe,2018,2019,38,15,14,9,48,35,59,60,-1
390,Espanyol,2018,2019,38,14,11,13,48,50,53,50,3
391,Athletic Club,2018,2019,38,13,14,11,41,45,53,46,7
392,Real Sociedad,2018,2019,38,13,11,14,45,46,50,50,0
393,Real Betis,2018,2019,38,14,8,16,44,52,50,46,4
394,Alaves,2018,2019,38,13,11,14,39,50,50,42,8
395,Eibar,2018,2019,38,11,14,13,46,50,47,47,0
396,Leganes,2018,2019,38,11,12,15,37,43,45,45,0
397,Villarreal,2018,2019,38,10,14,14,49,52,44,47,-3
398,Levante,2018,2019,38,11,11,16,59,66,44,47,-3
399,Celta Vigo,2018,2019,38,10,11,17,53,62,41,45,-4
400,Real Valladolid,2018,2019,38,10,11,17,32,51,41,35,6
401,Girona,2018,2019,38,9,10,19,37,53,37,39,-2
402,SD Huesca,2018,2019,38,7,12,19,43,65,33,36,-3
403,Rayo Vallecano,2018,2019,38,8,8,22,41,70,32,34,-2
404,Real Madrid,2019,2020,38,26,9,3,70,25,87,84,3
405,Barcelona,2019,2020,38,25,7,6,86,38,82,81,1
406,Atletico Madrid,2019,2020,38,18,16,4,51,27,70,69,1
407,Sevilla,2019,2020,38,19,13,6,54,34,70,66,4
408,Villarreal,2019,2020,38,18,6,14,63,49,60,63,-3
409,Real Sociedad,2019,2020,38,16,8,14,56,48,56,58,-2
410,Granada,2019,2020,38,16,8,14,52,45,56,58,-2
411,Getafe,2019,2020,38,14,12,12,43,37,54,56,-2
412,Valencia,2019,2020,38,14,11,13,46,53,53,46,7
413,Osasuna,2019,2020,38,13,13,12,46,54,52,44,8
414,Athletic Club,2019,2020,38,13,12,13,41,38,51,53,-2
415,Levante,2019,2020,38,14,7,17,47,53,49,49,0
416,Real Valladolid,2019,2020,38,9,15,14,32,43,42,39,3
417,Eibar,2019,2020,38,11,9,18,39,56,42,39,3
418,Real Betis,2019,2020,38,10,11,17,48,60,41,43,-2
419,Alaves,2019,2020,38,10,9,19,34,59,39,33,6
420,Celta Vigo,2019,2020,38,7,16,15,37,49,37,39,-2
421,Leganes,2019,2020,38,8,12,18,30,51,36,32,4
422,Mallorca,2019,2020,38,9,6,23,40,65,33,36,-3
423,Espanyol,2019,2020,38,5,10,23,27,58,25,26,-1
424,Atletico Madrid,2020,2021,38,26,8,4,67,25,86,84,2
425,Real Madrid,2020,2021,38,25,9,4,67,28,84,81,3
426,Barcelona,2020,2021,38,24,7,7,85,38,79,80,-1
427,Sevilla,2020,2021,38,24,5,9,53,33,77,71,6
428,Real Sociedad,2020,2021,38,17,11,10,59,38,62,66,-4
429,Real Betis,2020,2021,38,17,10,11,50,50,61,51,10
430,Villarreal,2020,2021,38,15,13,10,60,44,58,61,-3
431,Celta Vigo,2020,2021,38,14,11,13,55,57,53,50,3
432,Athletic Club,2020,2021,38,11,13,14,46,42,46,53,-7
433,Granada,2020,2021,38,13,7,18,47,65,46,41,5
434,Osasuna,2020,2021,38,11,11,16,37,48,44,42,2
435,Cadiz,2020,2021,38,11,11,16,36,58,44,34,10
436,Valencia,2020,2021,38,10,13,15,50,53,43,48,-5
437,Levante,2020,2021,38,9,14,15,46,57,41,42,-1
438,Getafe,2020,2021,38,9,11,18,28,43,38,36,2
439,Alaves,2020,2021,38,9,11,18,36,57,38,35,3
440,Elche,2020,2021,38,8,12,18,34,55,36,34,2
441,SD Huesca,2020,2021,38,7,13,18,34,53,34,35,-1
442,Real Valladolid,2020,2021,38,5,16,17,34,57,31,32,-1
443,Eibar,2020,2021,38,6,12,20,29,52,30,31,-1
444,Real Madrid,2021,2022,38,26,8,4,80,31,86,83,3
445,Barcelona,2021,2022,38,21,10,7,68,38,73,72,1
446,Atletico Madrid,2021,2022,38,21,8,9,65,43,71,67,4
447,Sevilla,2021,2022,38,18,16,4,53,30,70,67,3
448,Real Betis,2021,2022,38,19,8,11,62,40,65,68,-3
449,Real Sociedad,2021,2022,38,17,11,10,40,37,62,54,8
450,Villarreal,2021,2022,38,16,11,11,63,37,59,69,-10
451,Athletic Club,2021,2022,38,14,13,11,43,36,55,56,-1
452,Valencia,2021,2022,38,11,15,12,48,53,48,46,2
453,Osasuna,2021,2022,38,12,11,15,37,51,47,40,7
454,Celta Vigo,2021,2022,38,12,10,16,43,43,46,51,-5
455,Rayo Vallecano,2021,2022,38,11,9,18,39,50,42,43,-1
456,Elche,2021,2022,38,11,9,18,40,52,42,42,0
457,Espanyol,2021,2022,38,10,12,16,40,53,42,41,1
458,Getafe,2021,2022,38,8,15,15,33,41,39,42,-3
459,Cadiz,2021,2022,38,8,15,15,35,51,39,36,3
460,Mallorca,2021,2022,38,10,9,19,36,63,39,32,7
461,Granada,2021,2022,38,8,14,16,44,61,38,38,0
462,Levante,2021,2022,38,8,11,19,51,76,35,37,-2
463,Alaves,2021,2022,38,8,7,23,31,65,31,28,3
464,Paris Saint Germain,2014,2015,38,24,11,3,83,36,83,78,5
465,Lyon,2014,2015,38,22,9,7,72,33,75,78,-3
466,Monaco,2014,2015,38,20,11,7,51,26,71,74,-3
467,Marseille,2014,2015,38,21,6,11,76,42,69,75,-6
468,Saint-Etienne,2014,2015,38,19,12,7,51,30,69,69,0
469,Bordeaux,2014,2015,38,17,12,9,47,44,63,53,10
470,Montpellier,2014,2015,38,16,8,14,46,39,56,59,-3
471,Lille,2014,2015,38,16,8,14,43,42,56,53,3
472,Rennes,2014,2015,38,13,11,14,35,42,50,44,6
473,Guingamp,2014,2015,38,15,4,19,41,55,49,43,6
474,Nice,2014,2015,38,13,9,16,44,53,48,45,3
475,SC Bastia,2014,2015,38,12,11,15,37,46,47,43,4
476,Caen,2014,2015,38,12,10,16,54,55,46,51,-5
477,Nantes,2014,2015,38,11,12,15,29,40,45,39,6
478,Reims,2014,2015,38,12,8,18,47,66,44,40,4
479,Lorient,2014,2015,38,12,7,19,44,50,43,48,-5
480,Toulouse,2014,2015,38,12,6,20,43,64,42,39,3
481,Evian Thonon Gaillard,2014,2015,38,11,4,23,41,62,37,39,-2
482,Metz,2014,2015,38,7,9,22,31,61,30,29,1
483,Lens,2014,2015,38,7,8,23,32,61,29,30,-1
484,Paris Saint Germain,2015,2016,38,30,6,2,102,19,96,98,-2
485,Lyon,2015,2016,38,19,8,11,67,43,65,68,-3
486,Monaco,2015,2016,38,17,14,7,57,50,65,54,11
487,Nice,2015,2016,38,18,9,11,58,41,63,65,-2
488,Lille,2015,2016,38,15,15,8,39,27,60,61,-1
489,Saint-Etienne,2015,2016,38,17,7,14,42,37,58,58,0
490,Caen,2015,2016,38,16,6,16,39,52,54,43,11
491,Rennes,2015,2016,38,13,13,12,52,54,52,49,3
492,Angers,2015,2016,38,13,11,14,40,38,50,53,-3
493,SC Bastia,2015,2016,38,14,8,16,36,42,50,47,3
494,Bordeaux,2015,2016,38,12,14,12,50,57,50,45,5
495,Montpellier,2015,2016,38,14,7,17,49,47,49,55,-6
496,Marseille,2015,2016,38,10,18,10,48,42,48,52,-4
497,Nantes,2015,2016,38,12,12,14,33,44,48,40,8
498,Lorient,2015,2016,38,11,13,14,47,58,46,43,3
499,Guingamp,2015,2016,38,11,11,16,47,56,44,45,-1
500,Toulouse,2015,2016,38,9,13,16,45,55,40,43,-3
501,Reims,2015,2016,38,10,9,19,44,57,39,43,-4
502,GFC Ajaccio,2015,2016,38,8,13,17,37,58,37,35,2
503,Troyes,2015,2016,38,3,9,26,28,83,18,18,0
504,Monaco,2016,2017,38,30,5,3,107,31,95,92,3
505,Paris Saint Germain,2016,2017,38,27,6,5,83,27,87,89,-2
506,Nice,2016,2017,38,22,12,4,63,36,78,70,8
507,Lyon,2016,2017,38,21,4,13,80,48,67,73,-6
508,Marseille,2016,2017,38,17,11,10,57,41,62,63,-1
509,Bordeaux,2016,2017,38,15,14,9,53,43,59,57,2
510,Nantes,2016,2017,38,14,9,15,40,54,51,41,10
511,Saint-Etienne,2016,2017,38,12,14,12,41,42,50,49,1
512,Rennes,2016,2017,38,12,14,12,36,42,50,44,6
513,Guingamp,2016,2017,38,14,8,16,46,53,50,47,3
514,Lille,2016,2017,38,13,7,18,40,47,46,47,-1
515,Angers,2016,2017,38,13,7,18,40,49,46,45,1
516,Toulouse,2016,2017,38,10,14,14,37,41,44,46,-2
517,Metz,2016,2017,38,11,10,17,39,72,43,30,13
518,Montpellier,2016,2017,38,10,9,19,48,66,39,40,-1
519,Dijon,2016,2017,38,8,13,17,46,58,37,42,-5
520,Caen,2016,2017,38,10,7,21,36,65,37,32,5
521,Lorient,2016,2017,38,10,6,22,44,70,36,37,-1
522,Nancy,2016,2017,38,9,8,21,29,52,35,32,3
523,SC Bastia,2016,2017,38,8,10,20,29,57,34,29,5
524,Paris Saint Germain,2017,2018,38,29,6,3,108,29,93,93,0
525,Monaco,2017,2018,38,24,8,6,85,45,80,75,5
526,Lyon,2017,2018,38,23,9,6,87,43,78,76,2
527,Marseille,2017,2018,38,22,11,5,80,47,77,69,8
528,Rennes,2017,2018,38,16,10,12,50,44,58,56,2
529,Bordeaux,2017,2018,38,16,7,15,53,48,55,57,-2
530,Saint-Etienne,2017,2018,38,15,10,13,47,50,55,49,6
531,Nice,2017,2018,38,15,9,14,53,52,54,53,1
532,Nantes,2017,2018,38,14,10,14,36,41,52,47,5
533,Montpellier,2017,2018,38,11,18,9,36,33,51,50,1
534,Dijon,2017,2018,38,13,9,16,55,73,48,42,6
535,Guingamp,2017,2018,38,12,11,15,48,59,47,44,3
536,Amiens,2017,2018,38,12,9,17,37,42,45,47,-2
537,Angers,2017,2018,38,9,14,15,42,52,41,42,-1
538,Strasbourg,2017,2018,38,9,11,18,44,67,38,36,2
539,Caen,2017,2018,38,10,8,20,27,52,38,30,8
540,Lille,2017,2018,38,10,8,20,41,67,38,35,3
541,Toulouse,2017,2018,38,9,10,19,38,54,37,39,-2
542,Troyes,2017,2018,38,9,6,23,32,59,33,32,1
543,Metz,2017,2018,38,6,8,24,34,76,26,25,1
544,Paris Saint Germain,2018,2019,38,29,4,5,105,35,91,90,1
545,Lille,2018,2019,38,22,9,7,68,33,75,77,-2
546,Lyon,2018,2019,38,21,9,8,70,47,72,66,6
547,Saint-Etienne,2018,2019,38,19,9,10,59,41,66,65,1
548,Marseille,2018,2019,38,18,7,13,60,52,61,58,3
549,Montpellier,2018,2019,38,15,14,9,53,42,59,58,1
550,Nice,2018,2019,38,15,11,12,30,35,56,45,11
551,Reims,2018,2019,38,13,16,9,39,42,55,46,9
552,Nimes,2018,2019,38,15,8,15,57,58,53,52,1
553,Rennes,2018,2019,38,13,13,12,55,52,52,52,0
554,Strasbourg,2018,2019,38,11,16,11,58,48,49,55,-6
555,Nantes,2018,2019,38,13,9,16,48,48,48,52,-4
556,Angers,2018,2019,38,10,16,12,44,49,46,45,1
557,Bordeaux,2018,2019,38,10,11,17,34,42,41,43,-2
558,Amiens,2018,2019,38,9,11,18,31,52,38,33,5
559,Toulouse,2018,2019,38,8,14,16,35,57,38,33,5
560,Monaco,2018,2019,38,8,12,18,38,57,36,36,0
561,Dijon,2018,2019,38,9,7,22,31,60,34,30,4
562,Caen,2018,2019,38,7,12,19,29,54,33,30,3
563,Guingamp,2018,2019,38,5,12,21,28,68,27,22,5
564,Paris Saint Germain,2019,2020,27,22,2,3,75,24,68,65,3
565,Marseille,2019,2020,28,16,8,4,41,29,56,47,9
566,Rennes,2019,2020,28,15,5,8,38,24,50,51,-1
567,Lille,2019,2020,28,15,4,9,35,27,49,47,2
568,Reims,2019,2020,28,10,11,7,26,21,41,41,0
569,Nice,2019,2020,28,11,8,9,41,38,41,40,1
570,Lyon,2019,2020,28,11,7,10,42,27,40,50,-10
571,Montpellier,2019,2020,28,11,7,10,35,34,40,39,1
572,Monaco,2019,2020,28,11,7,10,44,44,40,38,2
573,Angers,2019,2020,28,11,6,11,28,33,39,34,5
574,Strasbourg,2019,2020,27,11,5,11,32,32,38,38,0
575,Bordeaux,2019,2020,28,9,10,9,40,34,37,41,-4
576,Nantes,2019,2020,28,11,4,13,28,31,37,37,0
577,Brest,2019,2020,28,8,10,10,34,37,34,34,0
578,Metz,2019,2020,28,8,10,10,27,35,34,30,4
579,Dijon,2019,2020,28,7,9,12,27,37,30,29,1
580,Saint-Etienne,2019,2020,28,8,6,14,29,45,30,27,3
581,Nimes,2019,2020,28,7,6,15,29,44,27,27,0
582,Amiens,2019,2020,28,4,11,13,31,50,23,24,-1
583,Toulouse,2019,2020,28,3,4,21,22,58,13,16,-3
584,Lille,2020,2021,38,24,11,3,64,23,83,83,0
585,Paris Saint Germain,2020,2021,38,26,4,8,86,28,82,91,-9
586,Monaco,2020,2021,38,24,6,8,76,42,78,75,3
587,Lyon,2020,2021,38,22,10,6,81,43,76,73,3
588,Marseille,2020,2021,38,16,12,10,54,47,60,55,5
589,Rennes,2020,2021,38,16,10,12,52,40,58,61,-3
590,Lens,2020,2021,38,15,12,11,55,54,57,51,6
591,Montpellier,2020,2021,38,14,12,12,60,62,54,49,5
592,Nice,2020,2021,38,15,7,16,50,53,52,51,1
593,Metz,2020,2021,38,12,11,15,44,48,47,48,-1
594,Saint-Etienne,2020,2021,38,12,10,16,42,54,46,42,4
595,Bordeaux,2020,2021,38,13,6,19,42,56,45,43,2
596,Angers,2020,2021,38,12,8,18,40,58,44,39,5
597,Reims,2020,2021,38,9,15,14,42,50,42,43,-1
598,Strasbourg,2020,2021,38,11,9,18,49,58,42,46,-4
599,Lorient,2020,2021,38,11,9,18,50,68,42,41,1
600,Brest,2020,2021,38,11,8,19,50,66,41,42,-1
601,Nantes,2020,2021,38,9,13,16,47,55,40,44,-4
602,Nimes,2020,2021,38,9,8,21,40,71,35,32,3
603,Dijon,2020,2021,38,4,9,25,25,73,21,19,2
604,Paris Saint Germain,2021,2022,38,26,8,4,90,36,86,82,4
605,Marseille,2021,2022,38,21,8,9,63,38,71,71,0
606,Monaco,2021,2022,38,20,9,9,65,40,69,69,0
607,Nice,2021,2022,38,20,7,11,52,36,67,66,1
608,Rennes,2021,2022,38,20,6,12,82,40,66,79,-13
609,Strasbourg,2021,2022,38,17,12,9,60,43,63,62,1
610,Lyon,2021,2022,38,17,11,10,66,51,62,60,2
611,Lens,2021,2022,38,17,11,10,62,48,62,60,2
612,Nantes,2021,2022,38,15,10,13,55,48,55,56,-1
613,Lille,2021,2022,38,14,13,11,48,48,55,50,5
614,Brest,2021,2022,38,13,9,16,49,57,48,46,2
615,Reims,2021,2022,38,11,13,14,43,44,46,49,-3
616,Montpellier,2021,2022,38,12,7,19,49,61,43,45,-2
617,Angers,2021,2022,38,10,11,17,44,55,41,43,-2
618,Troyes,2021,2022,38,9,11,18,37,53,38,38,0
619,Lorient,2021,2022,38,8,12,18,35,63,36,31,5
620,Clermont Foot,2021,2022,38,9,9,20,38,69,36,31,5
621,Saint-Etienne,2021,2022,38,7,11,20,42,77,32,30,2
622,Metz,2021,2022,38,6,13,19,35,69,31,28,3
623,Bordeaux,2021,2022,38,6,13,19,52,91,31,31,0
624,Juventus,2014,2015,38,26,9,3,72,24,87,86,1
625,Roma,2014,2015,38,19,13,6,54,31,70,69,1
626,Lazio,2014,2015,38,21,6,11,71,38,69,76,-7
627,Fiorentina,2014,2015,38,18,10,10,61,46,64,62,2
628,Napoli,2014,2015,38,18,9,11,70,54,63,61,2
629,Genoa,2014,2015,38,16,11,11,62,47,59,61,-2
630,Sampdoria,2014,2015,38,13,17,8,48,42,56,53,3
631,Inter,2014,2015,38,14,13,11,59,48,55,57,-2
632,Torino,2014,2015,38,14,12,12,48,45,54,53,1
633,AC Milan,2014,2015,38,13,13,12,56,50,52,54,-2
634,Palermo,2014,2015,38,12,13,13,53,55,49,49,0
635,Sassuolo,2014,2015,38,12,13,13,49,57,49,45,4
636,Verona,2014,2015,38,11,13,14,49,65,46,40,6
637,Chievo,2014,2015,38,10,13,15,28,41,43,37,6
638,Empoli,2014,2015,38,8,18,12,46,52,42,43,-1
639,Udinese,2014,2015,38,10,11,17,43,56,41,42,-1
640,Atalanta,2014,2015,38,7,16,15,38,57,37,35,2
641,Cagliari,2014,2015,38,8,10,20,48,68,34,39,-5
642,Parma,2014,2015,38,6,8,24,33,75,26,25,1
643,Cesena,2014,2015,38,4,12,22,36,73,24,27,-3
644,Juventus,2015,2016,38,29,4,5,75,20,91,95,-4
645,Napoli,2015,2016,38,25,7,6,80,32,82,83,-1
646,Roma,2015,2016,38,23,11,4,83,41,80,75,5
647,Inter,2015,2016,38,20,7,11,50,38,67,63,4
648,Fiorentina,2015,2016,38,18,10,10,60,42,64,64,0
649,Sassuolo,2015,2016,38,16,13,9,49,40,61,57,4
650,AC Milan,2015,2016,38,15,12,11,49,43,57,55,2
651,Lazio,2015,2016,38,15,9,14,52,52,54,52,2
652,Chievo,2015,2016,38,13,11,14,43,45,50,49,1
653,Genoa,2015,2016,38,13,7,18,45,48,46,51,-5
654,Empoli,2015,2016,38,12,10,16,40,49,46,44,2
655,Torino,2015,2016,38,12,9,17,52,55,45,50,-5
656,Atalanta,2015,2016,38,11,12,15,41,47,45,46,-1
657,Bologna,2015,2016,38,11,9,18,33,45,42,41,1
658,Sampdoria,2015,2016,38,10,10,18,48,61,40,43,-3
659,Udinese,2015,2016,38,10,9,19,35,60,39,33,6
660,Palermo,2015,2016,38,10,9,19,38,65,39,33,6
661,Carpi,2015,2016,38,9,11,18,37,57,38,36,2
662,Frosinone,2015,2016,38,8,7,23,35,76,31,27,4
663,Verona,2015,2016,38,5,13,20,34,63,28,29,-1
664,Juventus,2016,2017,38,29,4,5,77,27,91,89,2
665,Roma,2016,2017,38,28,3,7,90,38,87,85,2
666,Napoli,2016,2017,38,26,8,4,94,39,86,82,4
667,Atalanta,2016,2017,38,21,9,8,62,41,72,67,5
668,Lazio,2016,2017,38,21,7,10,74,51,70,67,3
669,AC Milan,2016,2017,38,18,9,11,57,45,63,61,2
670,Inter,2016,2017,38,19,5,14,72,49,62,68,-6
671,Fiorentina,2016,2017,38,16,12,10,63,57,60,54,6
672,Torino,2016,2017,38,13,14,11,71,66,53,52,1
673,Sassuolo,2016,2017,38,14,7,17,60,61,49,52,-3
674,Sampdoria,2016,2017,38,12,12,14,49,55,48,46,2
675,Cagliari,2016,2017,38,14,5,19,55,76,47,42,5
676,Udinese,2016,2017,38,12,9,17,47,56,45,46,-1
677,Chievo,2016,2017,38,12,7,19,43,61,43,40,3
678,Bologna,2016,2017,38,11,8,19,40,58,41,39,2
679,Genoa,2016,2017,38,9,9,20,38,64,36,34,2
680,Crotone,2016,2017,38,9,7,22,34,58,34,34,0
681,Empoli,2016,2017,38,8,8,22,29,61,32,27,5
682,Palermo,2016,2017,38,6,8,24,33,77,26,24,2
683,Pescara,2016,2017,38,2,9,27,35,83,15,24,-9
684,Juventus,2017,2018,38,30,5,3,86,24,95,93,2
685,Napoli,2017,2018,38,28,7,3,77,29,91,85,6
686,Roma,2017,2018,38,23,8,7,61,28,77,79,-2
687,Lazio,2017,2018,38,21,9,8,89,49,72,73,-1
688,Inter,2017,2018,38,20,12,6,66,30,72,76,-4
689,AC Milan,2017,2018,38,18,10,10,56,42,64,62,2
690,Atalanta,2017,2018,38,16,12,10,57,39,60,64,-4
691,Fiorentina,2017,2018,38,16,9,13,54,46,57,58,-1
692,Torino,2017,2018,38,13,15,10,54,46,54,55,-1
693,Sampdoria,2017,2018,38,16,6,16,56,60,54,51,3
694,Sassuolo,2017,2018,38,11,10,17,29,59,43,28,15
695,Genoa,2017,2018,38,11,8,19,33,43,41,43,-2
696,Udinese,2017,2018,38,12,4,22,48,63,40,44,-4
697,Chievo,2017,2018,38,10,10,18,36,59,40,34,6
698,Bologna,2017,2018,38,11,6,21,40,52,39,44,-5
699,Cagliari,2017,2018,38,11,6,21,33,61,39,32,7
700,SPAL 2013,2017,2018,38,8,14,16,39,59,38,35,3
701,Crotone,2017,2018,38,9,8,21,40,66,35,35,0
702,Verona,2017,2018,38,7,4,27,30,78,25,22,3
703,Benevento,2017,2018,38,6,3,29,33,84,21,23,-2
704,Juventus,2018,2019,38,28,6,4,70,30,90,82,8
705,Napoli,2018,2019,38,24,7,7,74,36,79,78,1
706,Atalanta,2018,2019,38,20,9,9,77,46,69,70,-1
707,Inter,2018,2019,38,20,9,9,57,33,69,71,-2
708,AC Milan,2018,2019,38,19,11,8,55,36,68,66,2
709,Roma,2018,2019,38,18,12,8,66,48,66,62,4
710,Torino,2018,2019,38,16,15,7,52,37,63,61,2
711,Lazio,2018,2019,38,17,8,13,56,46,59,60,-1
712,Sampdoria,2018,2019,38,15,8,15,60,51,53,59,-6
713,Bologna,2018,2019,38,11,11,16,48,56,44,45,-1
714,Sassuolo,2018,2019,38,9,16,13,53,60,43,44,-1
715,Udinese,2018,2019,38,11,10,17,39,53,43,41,2
716,SPAL 2013,2018,2019,38,11,9,18,44,56,42,43,-1
717,Fiorentina,2018,2019,38,8,17,13,47,45,41,49,-8
718,Cagliari,2018,2019,38,10,11,17,36,54,41,37,4
719,Parma Calcio 1913,2018,2019,38,10,11,17,41,61,41,37,4
720,Genoa,2018,2019,38,8,14,16,39,57,38,37,1
721,Empoli,2018,2019,38,10,8,20,51,70,38,41,-3
722,Frosinone,2018,2019,38,5,10,23,29,69,25,23,2
723,Chievo,2018,2019,38,2,14,22,25,75,20,17,3
724,Juventus,2019,2020,38,26,5,7,76,43,83,75,8
725,Inter,2019,2020,38,24,10,4,81,36,82,78,4
726,Atalanta,2019,2020,38,23,9,6,98,48,78,76,2
727,Lazio,2019,2020,38,24,6,8,79,42,78,76,2
728,Roma,2019,2020,38,21,7,10,77,51,70,68,2
729,AC Milan,2019,2020,38,19,9,10,63,46,66,63,3
730,Napoli,2019,2020,38,18,8,12,61,50,62,60,2
731,Sassuolo,2019,2020,38,14,9,15,69,63,51,55,-4
732,Fiorentina,2019,2020,38,12,13,13,51,48,49,52,-3
733,Parma Calcio 1913,2019,2020,38,14,7,17,56,57,49,52,-3
734,Verona,2019,2020,38,12,13,13,47,51,49,47,2
735,Bologna,2019,2020,38,12,11,15,52,65,47,43,4
736,Cagliari,2019,2020,38,11,12,15,52,56,45,48,-3
737,Udinese,2019,2020,38,12,9,17,37,51,45,40,5
738,Sampdoria,2019,2020,38,12,6,20,48,65,42,42,0
739,Torino,2019,2020,38,11,7,20,46,68,40,39,1
740,Genoa,2019,2020,38,10,9,19,47,73,39,36,3
741,Lecce,2019,2020,38,9,8,21,52,85,35,35,0
742,Brescia,2019,2020,38,6,7,25,35,79,25,25,0
743,SPAL 2013,2019,2020,38,5,5,28,27,77,20,20,0
744,Inter,2020,2021,38,28,7,3,89,35,91,84,7
745,AC Milan,2020,2021,38,24,7,7,74,41,79,74,5
746,Atalanta,2020,2021,38,23,9,6,90,47,78,74,4
747,Juventus,2020,2021,38,23,9,6,77,38,78,76,2
748,Napoli,2020,2021,38,24,5,9,86,41,77,80,-3
749,Lazio,2020,2021,38,21,5,12,61,55,68,58,10
750,Roma,2020,2021,38,18,9,11,68,55,63,60,3
751,Sassuolo,2020,2021,38,17,11,10,64,56,62,56,6
752,Sampdoria,2020,2021,38,15,7,16,52,54,52,52,0
753,Verona,2020,2021,38,10,13,15,43,48,43,46,-3
754,Genoa,2020,2021,38,10,12,16,47,58,42,43,-1
755,Bologna,2020,2021,38,10,11,17,51,65,41,42,-1
756,Fiorentina,2020,2021,38,9,13,16,47,59,40,42,-2
757,Udinese,2020,2021,38,10,10,18,42,58,40,40,0
758,Spezia,2020,2021,38,9,12,17,52,72,39,39,0
759,Cagliari,2020,2021,38,9,10,19,43,59,37,40,-3
760,Torino,2020,2021,38,7,16,15,50,69,37,38,-1
761,Benevento,2020,2021,38,7,12,19,40,75,33,29,4
762,Crotone,2020,2021,38,6,5,27,45,92,23,29,-6
763,Parma Calcio 1913,2020,2021,38,3,11,24,39,83,20,26,-6
764,AC Milan,2021,2022,38,26,8,4,69,31,86,79,7
765,Inter,2021,2022,38,25,9,4,84,32,84,83,1
766,Napoli,2021,2022,38,24,7,7,74,31,79,82,-3
767,Juventus,2021,2022,38,20,10,8,57,37,70,67,3
768,Lazio,2021,2022,38,18,10,10,77,58,64,62,2
769,Roma,2021,2022,38,18,9,11,59,43,63,63,0
770,Fiorentina,2021,2022,38,19,5,14,59,51,62,60,2
771,Atalanta,2021,2022,38,16,11,11,65,48,59,62,-3
772,Verona,2021,2022,38,14,11,13,65,59,53,54,-1
773,Torino,2021,2022,38,13,11,14,46,41,50,55,-5
774,Sassuolo,2021,2022,38,13,11,14,64,66,50,50,0
775,Udinese,2021,2022,38,11,14,13,61,58,47,51,-4
776,Bologna,2021,2022,38,12,10,16,44,55,46,43,3
777,Empoli,2021,2022,38,10,11,17,50,70,41,39,2
778,Sampdoria,2021,2022,38,10,6,22,46,63,36,42,-6
779,Spezia,2021,2022,38,10,6,22,41,71,36,34,2
780,Salernitana,2021,2022,38,7,10,21,33,78,31,23,8
781,Cagliari,2021,2022,38,6,12,20,34,68,30,28,2
782,Genoa,2021,2022,38,4,16,18,27,60,28,24,4
783,Venezia,2021,2022,38,6,9,23,34,69,27,28,-1
